code,x,y,z,cluster
E31918,-0.47655392,5.356368,-1.2614985,6
S31895,-0.95136595,-0.5635123,2.0842485,51
S33061,6.874858,3.3159633,-4.8970103,0
S32760,0.33363247,0.27001047,0.64101124,13
E33272,0.31780434,0.29832458,0.8362436,13
S32700,-4.1459312,-0.14709568,-0.15155506,26
E32520,-4.7760677,-0.5172334,-1.8389716,9
S31900,0.3028822,1.3900404,6.9149303,58
S31843,-0.64878464,-2.2400646,0.7722788,29
S32092,-4.8712177,0.15255928,-1.6144738,9
S31146,0.2947049,0.12209988,2.713029,4
S33016,-0.9091368,-0.53560257,2.148777,51
E32362,-2.6822667,-5.478307,-2.1093063,23
E32489,-1.0353789,-0.5998125,2.4772286,51
S31151,0.39409065,0.18307114,2.7952452,4
S32215,1.0052376,1.186038,-2.477079,61
S31925,0.92465496,-1.1457677,0.095030785,41
S31875,-3.2780504,1.2676506,-0.39849186,59
S31857,0.9888334,-0.2610216,3.218522,4
E32286,-1.1991229,-2.1863523,0.41620016,36
S32790,-4.134716,-0.09353447,-0.12654305,26
S31286,1.0186167,-0.21889114,3.219576,4
S33240,-1.3169613,4.0650215,0.007843018,17
E32541,8.004206,2.946333,-5.761507,0
S32397,-1.3809757,-1.0923414,1.7388659,51
E32500,-1.2839165,-0.7785177,1.9430022,51
S32201,0.9276705,3.483098,0.2447319,20
E33320,-2.5254488,-0.7224493,0.6969304,37
S32090,-1.7698898,-5.8944826,0.8326435,14
E32292,0.1523838,-1.3966722,-1.957468,16
S32355,-2.608118,-5.3636513,-1.9981613,23
S32661,0.811388,3.5036087,0.26228428,20
S33088,-0.9972372,-0.62827873,2.247809,51
S32606,-1.7905903,-1.3904719,1.6596813,60
E31356,0.24613333,-2.237464,2.2843828,8
E31735,8.401783,2.3190145,-5.814232,0
S32287,1.62673,0.25175858,-0.56442213,43
S31948,-0.41121387,4.1738863,-0.3309636,20
S31858,7.2003107,3.208437,-5.180893,0
E32386,-0.6362333,-2.114439,0.43078136,29
S32013,-1.9409599,-0.744154,-0.12007141,32
S32955,-2.5892725,5.5498266,0.4039178,7
E32374,-2.0157576,5.0120153,0.22058058,7
S32207,-2.128314,4.86718,0.14638805,7
S33278,8.752164,2.5227666,-5.9015484,0
S33109,-2.9853811,1.3326311,-0.46881485,59
S31816,0.47603893,-0.05513382,3.0829601,4
S31946,-0.18456268,3.8175,0.04127121,20
E32781,0.9909506,3.5149727,0.28614998,20
S31223,1.0947971,-1.0308089,0.15949154,41
S32708,-0.27684498,5.2731953,-1.0251203,6
S31359,0.88249874,0.10182285,3.1941757,4
E32296,-0.30239487,-2.616047,-0.51304436,19
E32620,0.7871895,3.747367,0.3624835,20
S31824,-3.5742664,1.3492041,-0.3066082,53
S32354,-4.140158,-0.2842579,-0.28399658,26
E31885,-4.1185226,-0.15702438,-0.12857628,26
S31922,0.35449934,0.26908302,0.37112904,13
S32707,0.2816639,3.7024546,0.2181673,20
S32659,-0.4881711,4.032943,-0.20699883,20
E32773,0.44391346,3.6731834,0.3170786,20
S32408,-2.216854,5.456196,0.45582294,7
S31882,-2.602974,5.6161795,0.41587067,7
E31780,-3.0877457,1.3115082,-0.6163559,59
S32018,8.886772,2.0126324,-6.516775,0
E32073,-2.3905334,5.602495,0.4930029,7
E32379,7.692834,1.8601904,-5.639683,0
S31327,-0.11136675,-2.5788012,1.9162464,31
S31114,-0.1742363,-2.1656795,-0.46123362,19
S31787,-0.6545124,-2.1276827,-0.94993114,19
S31833,-1.7740207,4.9681864,0.47656298,7
S31931,-2.6300945,-5.3202133,-1.9535513,23
S31384,0.6433492,-0.7751341,-2.21663,16
S31938,-0.028743744,-2.6883864,1.9714684,31
S32008,1.1908579,-0.865952,0.22570705,41
S32206,0.69652367,3.5094166,0.25870323,20
E32388,-4.8597813,0.302639,-1.5986118,9
S32630,0.91667557,3.6125755,0.3188696,20
S31457,-2.676795,1.258851,2.95751,54
S32019,1.6153765,0.031917572,-0.61152077,43
S31905,-3.0605822,1.3449831,-0.5913973,59
E31424,-4.3743057,-0.6420574,-1.3981524,9
S32003,0.8071542,-1.6579056,-1.0859375,16
S32459,-1.2712994,-0.8018513,1.9918232,51
S32723,-2.750986,-0.1739378,1.6578226,40
S32814,0.45223832,0.34044552,0.77430534,13
S31850,1.2075214,-1.257668,-1.24754,16
S32650,-4.893113,-0.6179328,-1.6980839,9
S32242,0.77237797,-1.9902649,0.7674465,11
S31741,-1.4646435,1.0112925,2.2712917,34
S31679,1.1440182,-2.2463808,0.5217037,11
S33120,1.6153927,0.91908646,-0.72494125,42
S32082,0.80367184,0.1643486,3.0466118,4
S31644,1.4752355,-0.73344135,0.097741604,41
S31746,1.4852853,-0.7755785,-0.1562109,41
E32824,0.8510294,3.64149,0.35155678,20
S32278,-1.156548,-5.6137524,0.122442245,33
E32649,0.73171043,3.73839,0.39291143,20
S32024,-0.40186214,3.9947052,-0.05143833,20
S32651,8.80571,1.8551722,-6.3862658,0
S32076,-0.21803474,0.9060383,2.8988724,4
S32359,-0.23729706,5.4130173,-1.1574306,6
S32222,-2.511138,-5.415493,-1.9618607,23
S31598,-0.07512379,-2.8047256,2.0636654,31
SE2782,-3.5828667,0.048700333,1.5629125,55
E32291,-0.15844727,-3.4525223,2.6810198,30
S32042,-4.987465,-0.3658991,-1.7350969,9
E32246,-4.4585695,-0.41937733,-1.242589,9
S31819,-2.5108757,5.4200144,0.30300617,7
S32747,-1.1827092,-0.76054335,2.110571,51
E32338,-0.4423647,5.5870056,-1.5792933,6
S31786,-0.87033653,-4.239525,-0.23034859,48
E32005,-0.40247726,5.691469,-1.5493965,6
E32366,0.25616503,-2.0380282,2.1721172,8
S31747,1.5171957,0.11072016,2.3101249,2
S31522,-0.6912961,-3.2879176,0.6286788,10
S32579,-0.25483036,-3.7855873,2.69409,30
S31587,0.29694843,3.6502666,0.20028496,20
E32529,-4.128891,0.007694721,-0.08233261,26
S33132,-2.4253798,5.443118,0.36000252,7
S31578,0.8927598,-1.4802647,-1.2438478,16
E32352,-5.099806,-0.56102467,-1.8871536,9
S32592,-0.07407522,-2.606576,-0.33998394,19
E31939,-1.9280787,0.9546547,2.9931111,39
SS32353,-1.5439844,-2.3741379,0.25741196,36
S31779,-2.6643057,-5.4544897,-2.1247978,23
E32309,8.574076,2.4578357,-5.972625,0
SE3334,-0.70421267,4.081195,-0.6398246,20
S32021,-0.8830824,-5.508024,0.21944809,33
S32297,-1.8007917,0.9772744,3.0143166,39
S32302,-1.8349934,-5.9631176,0.9593086,14
S32120,1.609756,0.053697586,-0.59068155,43
S32387,-0.79179573,-5.3254576,-0.05735016,33
S31358,1.018467,-0.17943192,3.24928,4
S31936,0.9712181,3.517887,0.25766182,20
S31828,2.351407,-0.7765684,0.001327515,35
S31742,-0.2873187,4.2849674,-0.30947208,20
S32588,-4.0533705,-0.04190731,-0.14517212,26
S31389,-0.25673962,5.557375,-1.3550472,6
S31585,-3.2153912,1.2752476,-0.44779205,59
E32294,1.055646,-2.309473,0.54282,11
S31876,2.3843718,-0.77532196,-0.001135826,35
S31367,-3.658101,1.3174376,-0.27070618,53
S31844,-1.1734228,-0.78587437,2.1747704,51
S33160,-2.7267275,-0.26133823,0.69094133,37
E32437,-4.7584667,-0.61466885,-1.755785,9
S32724,-1.7876053,-1.3661928,1.655899,60
S33096,-5.1150723,-0.45651197,-1.8550048,9
S31911,-1.4845352,1.2279854,2.2912407,34
S31889,-1.0852714,-5.4793053,0.06912708,33
SE3071,-5.2836037,-0.48170662,-2.2552042,9
E32293,1.1351333,-1.1728115,-1.4419146,16
S32702,-4.007477,0.24194622,0.04761219,26
S33262,-0.3011837,5.6864977,-1.5175948,6
S32075,-2.21032,5.4688015,0.43889046,7
S31429,0.64213896,0.2915964,2.9482641,4
S32040,-2.1091204,4.8129215,0.20550251,7
S31339,8.024383,2.554501,-5.753514,0
S33036,-0.6296463,-3.1224937,1.7436752,30
S31379,0.97520065,-2.2574573,0.68638325,11
S31285,-5.1514664,-0.4611473,-2.101602,9
S35670,-0.76282835,-2.0471754,0.409822,29
S31716,-2.546187,-5.246729,-1.8551779,23
S31221,-3.1505342,1.3110714,-0.51418495,59
S32511,7.357072,3.5809498,-5.2661858,0
S32629,0.8632555,3.5913982,0.30837917,20
E32590,0.9990425,3.474185,0.23573399,20
S32235,-3.7805839,0.8515487,1.9641685,52
E32736,-3.2275152,-2.0371027,-1.0829563,27
S32373,-4.6768227,-0.7998152,-1.6503305,9
SE3067,-5.161214,-0.20196247,-2.0888586,9
E32248,-4.7782574,0.43396473,-1.5560007,9
S31831,1.4482698,-0.7686243,0.04561758,41
E32720,0.6621275,3.8813381,0.25347185,20
S32056,-0.5328808,-3.238062,1.7616763,30
S32605,-3.788724,0.36354685,1.5868697,55
SE2349,1.0319247,2.286996,-1.3222876,49
S32049,-0.029635906,-1.9377398,2.2331872,8
E32016,-0.659297,1.1804886,3.7124672,12
S33230,-2.6311588,-0.39647388,0.31762552,37
S32624,-0.75610447,3.977746,-0.5942912,20
E33302,-4.9606,0.1837635,-1.8066425,9
S31504,8.246796,2.4672294,-5.9070234,0
E31902,-3.2305317,-2.1129065,-0.9679861,27
S31994,-1.7639341,-6.183878,0.5680647,14
S31651,0.5737047,0.27858734,2.896616,4
S31754,0.43227577,0.5328512,2.8934135,4
S31732,2.1595755,-0.8260813,0.054213047,35
S31649,-3.5423298,1.2882309,-0.30264664,53
E32341,8.921976,1.9548912,-6.3228827,0
S32307,-4.1208477,0.24362612,0.3041916,26
S32713,1.0172272,-1.4660721,-1.0516243,16
S32213,-1.1325588,-4.5779305,-0.24715996,48
S32081,1.0718489,-2.2361917,0.5299864,11
S31273,-2.6997986,-5.5058403,-2.1613407,23
S31187,1.5017214,1.3130035,-0.82885695,42
S32621,-2.2501354,5.5704927,0.5021677,7
S31830,1.1040325,-2.315652,0.49445915,11
S32526,1.2211313,-1.430079,-1.0042644,16
S31269,1.1381779,-2.3080559,0.5502758,11
S32284,-2.1045537,-3.9971247,-0.9709525,22
S32072,0.22651196,1.3939877,0.12439442,3
S33233,-5.0993433,-0.57760525,-1.8711615,9
S31884,1.477603,0.11378908,2.3715563,2
S31562,7.612875,3.318554,-5.478814,0
S31140,1.1028786,-1.1983232,-1.4318094,16
S32639,0.90695095,3.6347027,0.3355837,20
S32052,-0.40744638,4.04679,-0.20924187,20
S31464,1.3106518,-2.139267,0.39132357,11
S32204,-2.2124772,4.8246393,-0.14826632,7
S31942,0.77661085,-2.3091373,0.63279724,11
S32062,1.4394741,0.026489735,2.4491062,2
S32515,1.0740705,-0.28464603,2.9914713,4
SE3066,-5.2509346,-0.5219488,-2.13371,9
SE3068,-5.141159,-0.4320135,-1.9583163,9
S32627,-1.776804,-1.3924341,1.653882,60
S32536,8.813963,1.9484568,-6.5089855,0
S32060,0.20378876,-2.1562624,2.265233,8
SE3072,-5.063175,-0.64432526,-1.8693266,9
S32798,-2.7886581,-2.6176834,-1.5593481,24
S32449,8.693332,2.428257,-5.9391537,0
E31921,8.812188,2.3278341,-6.465723,0
S31309,-0.90532017,-5.506834,-0.07129145,33
S32068,-2.6036124,5.346799,0.41103745,7
E32417,-0.47961903,-3.056446,0.5392685,10
S31846,-0.16179085,-3.6270638,2.6648445,30
S32030,8.722411,2.2484112,-5.905715,0
E32245,1.0076599,-1.2835379,-1.4753923,16
S33158,-2.7502842,-0.18996096,1.6277847,40
E32361,-2.797637,-2.5784807,-1.4335604,24
E32361,-2.7794895,-2.5612059,-1.4115448,24
S31799,1.6021566,-0.8855772,0.14497662,41
S31396,-0.110901356,3.9859982,0.08251381,20
S32182,0.27972555,-2.1872244,2.2975998,8
S32083,9.374733,2.5241833,-6.1105013,0
S31539,-1.3910961,1.0405302,2.4451447,34
S31362,-1.395555,3.9364128,-0.20861483,17
S31176,-4.9044685,0.1838789,-1.6610351,9
S32813,8.52781,1.7552648,-6.0377445,0
S31453,0.9796572,-1.2550297,0.055926323,41
SE3073,-5.137603,-0.5476036,-1.9154797,9
SE2350,1.0974655,2.3718987,-1.3915257,49
S32205,-1.6165409,-6.525079,0.15408373,57
SS33239,-1.3841934,-2.5985012,0.24010992,36
S31826,9.330313,2.5030107,-6.172804,0
S33249,8.802551,1.8760777,-6.358531,0
S31137,-0.038365364,-3.3359604,-0.2706499,19
SE2801,-1.1179447,-0.6589694,2.195881,51
S31984,-2.113453,5.397009,0.4377179,7
S31250,9.1768675,2.4890594,-6.2646313,0
S32037,-3.6058712,1.3402357,-0.2820425,53
S31860,1.5304751,0.14510918,2.2700882,2
S31753,-0.34560728,-3.028551,0.54101944,10
S31924,-0.23934507,5.359022,-1.1119461,6
S31837,-2.5090427,5.5854187,0.5594125,7
S32228,-0.36203718,5.3931856,-1.3195066,6
S32391,-0.4508686,5.412565,-1.3335829,6
S31873,-0.29202938,5.279436,-1.0566101,6
S32632,-1.7946901,-1.3803849,1.653409,60
S31385,8.509293,2.19279,-5.8680153,0
S35630,1.0448742,-1.1017628,-1.3940225,16
S32039,0.9675565,-0.34608603,3.1210337,4
SS32943,-0.5838585,-3.235527,0.9509926,10
S33291,-1.8503561,-6.2387447,0.4946494,14
S32203,-1.1056466,-5.541027,-0.17534304,33
E31496,-0.35080528,5.4578695,-1.3064055,6
S31910,0.8693161,3.6119423,0.29226112,20
S31217,-0.22494411,-3.2824097,-0.10357952,19
S32000,-0.31051064,5.6569576,-1.4823198,6
S32697,0.23880386,4.047575,-0.25725222,20
S32846,-0.5688205,4.129938,-0.28951454,20
E33211,-0.76016045,-2.1233273,0.7012253,29
S31680,-2.6691113,-0.25788212,0.6877527,37
E32638,0.97460556,3.5443077,0.26809216,20
S32218,9.193434,2.1725817,-6.5151567,0
S32494,-4.117649,0.061750412,-0.041149616,26
S31676,-0.062303543,4.0441036,0.032102585,20
S32758,0.21638107,1.2722564,6.924675,58
ART3325,1.0209932,1.2618923,-2.3983088,61
S32530,9.282724,2.4782953,-6.220192,0
E32377,1.5958915,0.31787777,-0.7650728,43
SE3069,-5.1722584,-0.4546671,-2.0207596,9
S32635,-1.8022475,-1.3763933,1.6559429,60
SS32987,-1.5185118,-4.356616,-0.35785484,22
SS32978,-0.1292429,-5.349798,1.152627,18
S32797,-0.19820118,-2.342762,-0.42846584,19
E32273,-0.13676453,-3.558403,2.6898613,30
E32757,-0.14591074,-3.427988,2.5792837,30
S32591,7.597027,3.5820851,-5.431903,0
S32298,0.36274242,3.7155466,0.20482826,20
S32195,-1.4110589,-3.0846734,0.041644096,38
SS31832,-2.3860073,5.022872,0.122590065,7
S31434,-2.102271,4.8190556,0.22067547,7
S32674,-3.0516186,1.365931,-0.5593853,59
S31869,-3.2391195,-2.1136284,-1.0713997,27
SE2619,-0.2468586,-3.5145054,2.6802216,30
S32718,0.3918085,4.025133,-0.06096077,20
SE2532,-2.461957,-0.3575325,0.97585773,37
S35600,0.9170389,-1.1857877,-1.6855078,16
E32069,-1.5160427,1.2793207,2.3656301,34
S32376,-0.19285679,-5.39225,1.0678349,18
S31839,-2.5333443,5.4150124,0.3722763,7
S32795,-0.15294933,-2.7278852,1.778995,31
S31695,2.4030552,-0.7760515,0.003646851,35
S31990,-0.06580448,-1.5841813,-1.617981,16
S35590,8.482214,1.9723368,-6.0177746,0
ART3329,1.00914,1.1840572,-2.4756298,61
E31577,-5.1744785,-0.45390892,-1.9056644,9
S33057,-1.7720795,-1.3616943,1.6584578,60
E31242,1.0390873,-1.2862816,-1.433878,16
E32059,7.488636,1.3580723,-5.436573,0
SS33025,-0.06546688,-3.4921627,-0.2522993,19
S32389,-3.238265,1.2198424,-0.59911156,59
E32432,-0.49865723,3.7723703,-0.7614875,20
E31503,8.27243,2.0638561,-5.8943834,0
S33242,0.14755917,-1.4306488,-1.9419289,16
S31641,0.27398586,1.340817,0.075149536,3
S32160,-0.21525288,-2.2609348,-0.21176863,19
S32677,-0.33084154,-3.090569,0.67115974,10
S31798,0.9374132,-1.2269955,0.2893219,41
E32751,-4.9105396,0.0802145,-1.6923065,9
E32571,-4.7411003,0.48404026,-1.5555115,9
E31448,-1.897119,-0.9539046,0.06089139,32
S31795,-1.9158893,1.05864,3.006895,39
S31930,8.798038,2.1123824,-6.255764,0
S31724,-0.14962673,-2.8704338,-0.41474771,19
SS32981,-3.9559135,0.12153387,-0.05559635,26
S31662,1.3617706,-0.84391975,0.17951012,41
S31525,-1.8528771,5.137126,0.4482479,7
S32755,-2.6739502,-5.3961334,-2.111434,23
S31768,1.143353,-0.17538834,3.026042,4
S32138,-1.7619963,-6.21807,0.27115774,14
S31840,-2.1539106,4.715686,0.36098003,7
S31498,0.93347836,-1.1640444,0.12459183,41
S32512,0.07510519,3.969718,-0.009718418,20
SS33192,-0.5497799,-2.4007835,-0.5955181,19
S32741,-2.4092407,5.062069,0.13791847,7
SS32628,-2.5633836,-0.5771923,0.6254463,37
E32521,7.343296,3.5195837,-5.2387476,0
E31128,0.058207035,-3.4547267,2.839201,30
S32617,-0.4873767,-3.3870392,2.0331192,30
S31532,-1.1927819,1.2088814,2.4813986,34
S31534,-5.0150604,-0.6661339,-1.8213048,9
E32683,0.715539,3.8411574,0.33363247,20
S31557,0.7323246,-1.2418976,-1.8684254,16
S31734,0.07954693,4.2753696,-0.45154953,20
S32385,1.2841749,-0.7483449,0.25015163,41
E31919,-0.35022974,-2.9530048,0.608315,10
E31470,-4.544754,-0.52392673,-1.3146477,9
S32022,-2.4810247,-5.3841047,-1.9221439,23
S32709,-0.29191828,4.0352955,-0.007824898,20
S31880,0.8547268,-1.2066498,0.30000353,41
S32675,0.48887634,0.35617733,0.6749983,13
S31360,-3.1320896,0.5874119,2.239235,56
S31815,0.7951331,-0.008749008,3.0712824,4
S31712,8.961988,2.5322475,-6.1333933,0
S32402,-5.1842957,-0.36531448,-1.9730473,9
S31808,0.5486641,-0.6843848,-2.3248644,16
S32225,-1.7164583,-5.8887596,0.69612026,14
S32815,-1.3321371,-0.9068141,1.8691626,51
S32383,-4.7987366,0.3871231,-1.501648,9
S32217,-1.8750691,-4.3185005,-0.7687931,22
E31976,-2.6642504,5.377308,0.4092574,7
E31467,-3.499415,1.1760387,-0.28697872,53
S31519,-0.057229996,3.5564728,-0.010855198,20
E31454,1.6277008,0.2694087,-0.5562668,43
S32749,-3.2317638,0.52984047,2.1635857,56
S31518,-4.8581734,0.3333826,-1.7400928,9
S32788,-3.2534275,-1.9906492,-0.5942879,27
S33204,-3.9410925,0.19802189,-0.018987656,26
S31973,-0.7795391,4.021576,-0.73619556,20
S32274,0.093771935,-2.2476826,2.193554,8
E31888,0.86200714,0.14253235,3.1495028,4
SE3074,-4.8893814,-0.866467,-1.9374428,9
E32301,-3.6594324,0.23173285,1.6353035,55
S34930,-1.6395407,-2.2640262,0.048294067,36
S31886,-0.584301,3.8850431,-0.85053587,20
S31563,-1.1544647,-5.5052567,-0.16099739,33
S35580,-0.12139654,-3.9106064,2.608718,30
S31515,-2.591586,-5.3897915,-1.9864349,23
S33289,-0.74193096,3.8777914,-0.42425108,20
S31719,-0.2580452,-2.7163668,-0.6487856,19
E32065,-4.1185236,-0.5411935,-1.2814837,9
E32065,-4.1149335,-0.5420947,-1.2796931,9
SS31452,0.007342339,-2.5465498,1.6609783,31
E31556,7.040163,3.391962,-5.041852,0
SS33257,0.32101917,0.3646531,0.75437355,13
E32375,-0.18038559,-2.9651337,-0.30252457,19
S31912,-1.7846489,-4.343849,-0.7381153,22
E31418,0.6415043,-1.1849327,-1.9465618,16
S32384,-0.49136353,3.8063908,-0.5879955,20
S32407,-0.018835068,-2.223868,2.139062,8
S31613,-0.72781897,-5.212411,0.14845562,33
S31929,1.2591887,-1.2303152,-1.2570019,16
E32011,-0.70334816,-5.3342085,0.29742908,33
E32011,-0.7325082,-5.331335,0.26721716,33
SS3337,-0.39908695,3.8644018,-0.11899948,20
S31692,0.4525299,0.28183126,0.74757814,13
SE2351,1.0802431,2.3193436,-1.3407993,49
S31947,-0.3463421,-3.7439566,2.3396358,30
E32249,-4.675351,-0.77773666,-1.6432695,9
E32343,-4.731838,-0.84065914,-1.759727,9
S32223,-1.517354,1.1384859,2.3821611,34
SS31474,-0.65326214,-4.1747637,-0.22120285,50
E31897,9.110447,2.0859594,-6.4342003,0
S31923,0.5281992,-0.682909,-2.354753,16
S32089,1.4888344,0.07793188,2.3787374,2
E33251,-1.797782,-6.2224817,0.32114315,14
E31468,-1.7810726,-0.88337994,-0.068378925,32
S31244,1.1402836,-1.1519604,-1.253253,16
S31835,-2.6228628,-5.4207687,-2.0401993,23
S32136,-0.39250183,3.9323769,-0.010018349,20
S31552,1.326952,-0.8541484,0.22140598,41
S32177,-4.9000187,-0.83322525,-1.9306545,9
S32787,-3.2231274,-2.054389,-0.67540216,27
CWES1113,-0.35076618,5.6795273,-1.523345,6
S34520,8.7994375,1.7999935,-6.168086,0
CWES1134,-4.10948,0.06972122,-0.03922844,26
S31763,-0.7770872,-2.8246346,2.77495,47
S31589,0.2712555,1.3571539,6.943013,58
S31736,0.24921799,4.04782,-0.22279453,20
S31630,1.4722357,-0.7445545,0.020030022,41
S31283,0.5831976,-1.0291662,-2.1444225,16
E31501,-4.796652,-0.7754612,-1.7400455,9
S31451,-2.559245,-0.5086136,0.7597599,37
S35620,0.3635025,-1.3041983,-2.0082655,16
ART3339,7.6239967,1.5325403,-5.205969,0
E32436,-4.1344566,0.016109467,0.055526733,26
E31904,7.423628,1.5748644,-5.5294886,0
S32356,6.77872,3.3843603,-4.804714,0
S31989,-4.8718452,-0.8491168,-1.9254627,9
E32645,0.7460613,3.7480087,0.2619524,20
E32010,-4.868679,-0.36855316,-2.1204548,9
S32728,-1.5453844,-4.368387,-0.8818021,22
S32208,1.0076399,1.1804218,-2.4763975,61
S32636,-0.8327265,-5.4431696,0.13739204,33
E31917,7.407571,1.3079205,-5.36008,0
S32150,-3.5461044,0.18763924,1.6848211,55
S31238,-3.0787086,1.3056693,-0.48082733,59
SS33207,0.96283245,-1.5301952,-1.1463547,16
E31941,-0.58723545,1.2356997,3.9196043,12
S31657,0.8326597,0.112501144,3.1465535,4
ART3328,1.0213957,1.196682,-2.4641647,61
S31290,-0.20697403,-3.7871675,2.255804,30
S32510,1.10707,-2.2626286,0.5488291,11
S32033,-1.725399,1.0454154,2.044303,34
S32167,-2.3736172,5.2664423,0.24466896,7
S31225,0.8281374,-0.000546932,3.227366,4
S32032,-2.2209568,-3.2993822,-1.1312099,15
E32342,7.327635,3.56282,-5.2462616,0
ART3321,1.0439787,1.2106323,-2.4372401,61
SE2583,-0.9739766,-4.2689533,-0.22901297,48
SS33179,8.653385,1.9324846,-6.0051804,0
S31820,1.0466318,-2.2832355,0.54499626,11
S32730,-2.4265275,-5.2870693,-1.8478174,23
E32369,-2.3606892,5.376486,0.44304848,7
S31076,-1.7292337,-4.223345,-0.6808944,22
S31847,1.0044651,-1.0714593,0.18046188,41
S32172,-0.22728968,1.399847,0.9353037,1
P31393,-2.6428223,-5.4901533,-2.1085844,23
S31646,0.7765274,-1.0559635,0.27387905,41
S33084,1.6287928,0.1631136,-0.60258865,43
S31337,1.5775714,-0.57135916,-0.35134745,41
S31353,-0.04942131,-4.309244,0.002206802,50
S32094,-2.4796681,-5.351179,-1.904212,23
E32625,0.92919874,3.5852108,0.3049221,20
S32695,0.7365694,3.8258858,0.27887154,20
S32819,0.1669488,-2.2233715,2.258685,8
S31851,-1.0294657,-0.5803938,2.5000677,51
S31365,-1.5244236,1.2656441,2.3271885,34
S31606,-0.43446732,5.5888653,-1.576273,6
S33182,6.993182,3.325882,-5.0046387,0
S32950,0.7155161,3.8138762,0.24236107,20
S31681,-1.3615475,1.214014,2.359995,34
S31300,0.08574009,0.7437067,2.9111605,4
S32727,-1.2041273,-5.625682,-0.26027298,33
SS33083,-0.046726227,-5.305541,1.2057543,18
S31377,0.86299324,-1.1980114,0.083238125,41
E31305,-5.2807064,-0.38215876,-2.1951885,9
E32488,-1.3258448,-0.9630463,1.9064841,51
CWES1082,-0.16213417,-1.6521497,-1.5182877,16
S32365,0.5551796,-1.2030888,-2.0376205,16
S31628,1.1664252,-1.1658812,-1.4006109,16
SS33017,-2.506051,-5.3246784,-1.9030972,23
E32241,8.68818,1.9261799,-6.1860237,0
S32174,8.062336,2.5356822,-5.7553997,0
SE2684,10.217803,2.4522524,-6.361946,0
S31752,0.28025103,3.99341,-0.1776061,20
S31215,-2.729229,-2.5102296,-1.3318148,24
CWES1084,-0.63879395,-0.8063116,2.8612528,28
S31573,-1.6150045,1.0352755,2.0717907,34
S31864,2.0353851,-0.84169006,0.075948715,35
S32761,-1.8558168,-6.21336,0.5998697,14
SS33092,-2.4729872,-0.41902208,1.0459585,37
S32123,8.137449,2.9187288,-5.810067,0
SS32947,0.17461586,-3.3482594,-0.13438797,19
S31060,-1.9538231,-4.206423,-0.827929,22
ART3326,1.0191879,1.2240181,-2.4013596,61
E32288,9.310823,2.269432,-6.4963856,0
S31530,-3.645361,1.2473283,-0.268178,53
S31130,-2.7660952,-0.25821495,1.4617076,40
S31382,-0.6928396,-5.1133347,0.28185463,33
S32258,-1.0496683,-0.56775284,2.4776793,51
S34530,7.580805,3.6222425,-5.422682,0
S31653,2.3679285,-0.77194977,-0.001708508,35
S35563,-0.11171627,-1.6278954,-1.590806,16
CWES1081,-0.7035494,-0.87400913,2.8494024,28
SE2555,-2.3829527,-5.3328524,-1.684329,23
E33220,-1.1650968,-5.6688137,-0.17699337,33
CWES1157,9.0776615,2.439859,-6.270624,0
S31704,-0.19036865,-4.2198515,0.037218094,50
CWES1963,-4.171854,-0.18824387,-0.20984936,26
E32066,-0.962842,-4.4901977,-0.15416765,48
S31378,-0.11876917,-3.1797333,-0.42411423,19
E31204,0.18758345,-3.7490158,2.9875503,30
S31400,-0.11862278,-3.4939942,2.649847,30
S32392,-0.29602098,5.3775864,-1.1646347,6
S32078,-2.6962252,-5.503332,-2.1589842,23
S32482,9.661187,2.4965248,-6.2116413,0
SE2688,9.422581,2.5057054,-6.17618,0
S31124,-0.3020544,3.5815325,0.23478031,20
P31762,1.1775122,-0.84086037,-1.7609043,16
S32029,-2.4681406,5.0537186,0.556406,7
S32077,-1.9967728,-6.1921206,0.8206625,14
S32371,-2.1514626,-3.2051253,-1.1402392,15
SS32985,-3.9196024,0.24111271,0.59895134,25
S32224,1.9225063,-0.875721,0.091015816,35
SS33128,-3.8776178,0.2740569,0.038459778,26
CWES2484,-0.6121111,-0.80131817,2.8295264,28
E32272,-1.0816627,-5.625636,-0.19091988,33
S31529,-1.9076014,1.1335707,2.9797544,39
S32394,-4.8307056,-0.88415575,-1.8670092,9
E32339,-0.06305218,-2.752892,1.9961672,31
E32339,-0.0930357,-2.7889695,2.0103188,31
S32036,-0.26864433,-3.5460215,2.454155,30
CWES2694,-0.61902046,-0.81525993,2.769566,28
S31487,-0.9478445,4.1301737,-0.44735193,20
S31855,-1.9768581,-3.2853613,-1.0300603,15
CWES1087,-0.64710665,-0.8696518,2.678063,28
SS32982,0.14807844,3.634654,0.24043941,20
S31558,0.9620986,1.0796604,-2.4902081,61
S32141,1.6060958,1.3019357,-0.7751808,42
S32750,-4.0053234,0.21292591,0.02412033,26
SS33119,-3.9721184,0.067555904,0.003211021,26
S31330,-0.43951726,-3.5162811,2.6974897,30
SS32823,7.163656,3.304891,-5.15168,0
S31329,8.760897,2.3443413,-6.234564,0
S32421,8.552288,2.1643534,-6.034645,0
S32070,-0.38317394,-3.4437046,2.0550766,30
CWES1737,-0.6497364,-0.8748536,2.685092,28
T3200,0.4548807,0.3227358,0.77573586,13
S32229,-1.6975212,-6.1122704,0.5993357,14
S31287,0.23930502,-1.3413587,-1.9898143,16
S31627,0.12127352,-3.3628745,2.9058132,30
SS32770,-2.6013393,-2.6242633,-1.2308121,24
S32367,1.0132356,1.2062874,-2.4649363,61
E32433,0.5342307,-1.1395378,-2.043229,16
S32147,-0.32352352,-3.779674,2.6142788,30
S32622,-3.335514,0.7356682,2.2918992,56
S32892,-4.7819405,0.43443918,-1.5529041,9
S34850,-4.06005,0.1518507,0.12095642,26
SE2333,-1.225215,-0.8611684,1.9885602,51
S31705,7.441334,3.652565,-5.327301,0
SS31853,-0.50032234,4.07502,-0.33700848,20
SS33300,-0.28873825,3.9040537,0.049073696,20
S31817,1.5093145,1.8398194,-0.76728725,45
SE2573,-1.7160592,0.8319526,2.9954896,39
S32601,-5.0813494,-0.603981,-1.919817,9
S31721,-0.24276829,-1.788065,-1.3606925,16
SE2440,-2.4585428,-5.3382006,-1.9085321,23
E32448,-1.7274723,1.1254015,2.5652103,34
S32232,-2.7063026,-2.493866,-1.3016934,24
S32518,9.399061,2.4980507,-6.1610928,0
E31247,-0.01773882,4.163642,-0.13543892,20
SS33181,-0.15299225,-5.365838,1.0857778,18
S33139,-0.49663925,5.53648,-1.5959301,6
S31952,1.4759741,-0.73332405,0.071733475,41
S32025,-1.6104116,-5.86792,0.63734484,14
S31659,-2.5221586,-0.64310694,0.67871,37
S31756,-5.0055647,0.026019096,-1.9561386,9
S32014,8.737128,2.3490047,-6.00368,0
E31421,-0.25343418,-3.5487518,2.629305,30
S31836,0.026656628,3.538824,0.2727909,20
S33281,-2.310028,5.372655,0.2687645,7
E31465,0.42791176,-1.0607452,-2.1844826,16
S31266,1.3002625,-0.9945245,-1.4729362,16
S31351,-4.1163435,-0.047549248,-0.135458,26
S31398,-1.4699545,1.2344837,2.4318695,34
P31411,0.04423237,-3.5062222,2.6958456,30
E33212,0.954237,-0.29005527,3.1812792,4
SS33108,-3.8502722,0.43538475,-0.08934307,26
SE2690,1.886056,-0.8809042,0.1249876,35
S32046,7.865076,2.698588,-5.6669674,0
S33322,0.74398947,-0.21078205,2.9499722,4
S31722,-5.069395,-0.73217964,-2.0518942,9
S32048,-0.3837452,5.6271753,-1.5632572,6
CWES1971,-0.4515972,5.337945,-1.197916,6
SS33004,-1.7215748,-5.8578634,0.72396755,14
S32735,-1.9207354,-4.3004665,-0.6641054,22
S32831,0.9955468,1.1814203,-2.4806128,61
S31943,-0.29105902,-3.832508,2.3361158,30
P31129,7.334713,1.5573349,-5.49092,0
S32812,7.3135777,3.631823,-5.2128735,0
S31475,-4.9523315,0.07480192,-1.7194886,9
S32109,1.0191398,3.3889618,0.17311192,20
S32020,-0.3273363,-3.0005589,0.5745897,10
S31297,0.30844116,-3.5022745,3.0344348,30
S32165,-0.45810223,5.576519,-1.5594873,6
E32334,9.071058,2.3375683,-6.46889,0
S31189,-2.1684408,5.4261208,0.42057896,7
SE3208,9.330902,2.4870834,-6.1916485,0
S31571,7.4486427,1.2832589,-5.370804,0
SS31513,-0.40602493,3.8465338,-0.15499139,20
S32240,-0.004128456,-2.3711348,-0.5822344,19
T2506,1.2238064,-2.2170591,0.3031702,11
ART3327,0.5184593,-0.8750267,-2.2617736,16
S32279,0.4610176,1.461813,-0.016025066,3
S31691,-5.132859,-0.63346577,-2.1162186,9
T3198,0.25744915,1.315196,6.980591,58
CWES1802,-0.562974,-0.63099766,2.9291353,28
T2504,0.4861927,-0.2718072,2.9998975,4
CWES1964,-4.5454226,-0.66241026,-1.4222727,9
S31392,-4.845376,0.29279518,-1.5878897,9
S31315,8.608467,2.3711739,-5.99419,0
E32643,6.8772364,3.30898,-4.901766,0
S31893,0.037484646,3.7639503,0.108454704,20
S32508,-1.3450003,-0.9367833,1.9247789,51
S32742,-2.467327,-5.335253,-1.8916302,23
SS33294,-3.5606537,0.08384752,1.6268673,55
S31848,-1.5453873,-4.8137608,-0.7224493,22
S32516,-1.9121442,-4.3038635,-1.0271502,22
S32968,1.041511,3.470457,0.23366404,20
E32390,8.786865,2.499107,-6.000848,0
CWES1098,-0.62918186,-0.7876706,2.8748646,28
SS32963,-2.482956,-5.130787,-1.780942,23
E31420,7.4009237,3.257328,-5.337796,0
S32572,-2.6731272,5.3484545,0.35165596,7
S32977,-2.6557765,-2.4483967,-1.1629553,24
S33174,8.285181,1.6661432,-5.98857,0
DLIW2478,-1.2397146,-0.7550583,4.04113,5
S31514,-3.6194525,0.2863989,1.631125,55
SS33038,-5.1992836,-0.31691265,-2.1315007,9
CWES1112,-0.27447414,1.3043308,0.93190527,1
S31538,0.9844451,-2.081893,0.39278698,11
S32425,-2.733265,-0.2305727,0.47075272,37
S32111,-0.2856493,4.199147,-0.36558008,20
S33095,1.192913,-1.3829317,-1.0752544,16
S31580,-5.0595255,-0.13589,-1.9001088,9
S31849,-3.6279068,1.3099709,-0.29699516,53
S32382,-0.32544422,5.65065,-1.5013323,6
S31380,-1.1858091,-5.7259808,-0.14822674,33
S31635,-1.6370983,1.297019,2.3226252,34
E31212,0.33777237,0.05735302,2.9220295,4
S32054,9.003648,1.9603119,-6.2742167,0
S31772,9.329594,2.4773364,-6.240753,0
DLIW2475,-5.0020447,7.3371925,-4.7616854,62
P31155,1.6079817,0.45946884,-0.659894,43
CWES1132,-0.6622572,-0.8519201,2.8329096,28
S32194,8.578266,2.459455,-5.8410397,0
S33190,-0.8049197,-2.1839857,0.63481903,29
S31757,-0.57227325,-4.1496754,-0.20771265,50
S32004,6.7901917,3.3898544,-4.815875,0
CWES1526,0.013401508,3.9971933,0.11274338,20
SS33011,-0.068071365,-5.2721233,1.108244,18
S32637,-3.9879322,0.3251891,0.01717949,26
S32330,-0.3366871,0.98067474,2.9253244,4
SS32769,-1.9718885,-4.2111063,-0.87073135,22
SS32979,-0.7195201,-2.9859319,1.6436262,30
S32610,8.219204,2.4319334,-5.852474,0
S32038,1.3822384,-0.78424835,0.08928108,41
E32744,-0.0503273,-2.5516443,1.8233023,31
S31533,-2.7085276,-5.4533863,-2.1342545,23
CWES1175,-0.596262,-0.79511833,2.82403,28
SS33143,8.776569,2.0084248,-6.3485556,0
S31477,6.9378357,3.3121452,-4.956691,0
S32763,-4.1697636,-0.60258484,-1.2711344,9
SS33305,-0.754004,-2.1176648,0.67996645,29
S32880,0.24452019,-1.3309851,-1.9970908,16
P31417,-4.8652697,0.34523392,-1.6950912,9
S32725,-1.779686,-1.368381,1.656064,60
SS31812,-1.5252471,-4.5097427,-0.80692434,22
S31913,6.7713966,3.3177352,-4.801525,0
S32009,7.293211,3.2652988,-5.2613993,0
CWES1966,-0.7310419,-1.0138955,2.8347015,28
SS33267,-2.3419566,-3.3437982,-1.1352787,15
S31231,-1.3701448,1.1159997,2.3959575,34
S31874,-2.4606895,-5.3394527,-1.8823376,23
S31319,-5.1725674,-0.33604145,-1.9774847,9
SE2345,1.0049429,1.1737623,-2.4794483,61
S31927,-2.5940442,5.658802,0.4392376,7
S33191,8.5845585,2.5084639,-5.860319,0
S31588,-1.394227,1.1135864,2.4081583,34
T2505,-0.004407406,-3.4808216,2.6184254,30
S31381,-0.33402348,5.786085,-1.518158,6
S32064,-2.716929,5.3038654,0.30110836,7
P31607,1.3763924,-0.7685833,-1.6222081,16
S32799,0.8601427,-0.12638378,3.0102892,4
S31222,7.0903244,3.3309145,-5.079772,0
P31427,-0.07218981,-2.5239406,1.7974634,31
S32252,0.21703768,0.27258778,0.44076347,13
DLIW2319,-5.0019436,7.337105,-4.761589,62
S31277,-0.6127267,-3.1584282,0.67589664,10
P31638,7.359461,1.5424128,-5.4692955,0
SS33189,-0.87973404,-5.5172625,0.104669094,33
S31838,-1.3534298,1.1069584,2.33568,34
S31811,9.18519,2.1530318,-6.4791584,0
SS33091,8.400648,2.6113195,-5.977049,0
S31505,0.41546965,3.9170656,0.028812885,20
S31717,-0.3598578,1.0167084,3.0598202,4
S32714,-0.04185772,-3.827299,2.725277,30
S32184,-2.818102,-2.6439533,-1.5320578,24
S31331,8.210302,2.3470821,-5.977769,0
SE2691,9.223801,2.18217,-6.530651,0
SS33082,-0.08404446,-5.3462734,1.1629157,18
S31996,-4.819065,0.38803673,-1.6519756,9
SS33114,-2.441268,-5.145031,-1.7566719,23
S32285,0.031077862,-3.8664136,2.7533216,30
S31357,-2.7260504,0.26531982,1.7920265,40
DLIW2479,-0.28682995,-0.22399521,3.1909142,21
DLIW2315,-1.2209206,-0.7739539,4.0200396,5
S32748,-1.3625059,-0.89146805,1.9707761,51
SS33184,8.881036,1.9055161,-6.343774,0
S32469,8.9652195,2.7024274,-5.980257,0
T2507,0.2911148,3.9933853,0.16716099,20
S31226,-2.5233078,-0.10251236,0.61706924,37
S31739,-2.5066423,5.616358,0.49755096,7
S33051,0.21886635,1.3031845,6.93754,58
S32071,-2.6431074,5.27262,0.12792921,7
S31591,0.5580034,-0.9337492,-2.220336,16
SS33232,-4.7567024,-0.8709669,-1.930481,9
S31583,-4.0190144,0.29076004,0.07536793,26
S31455,-0.19635153,-4.535223,0.27298164,50
S32031,-0.35189056,5.678097,-1.5504208,6
P31618,0.18838882,0.1242919,0.2918296,13
S32002,-2.2558193,-3.1842065,-1.1792002,15
P31205,7.23769,1.4596195,-5.360979,0
S31232,8.4973755,2.121666,-5.9556293,0
S32164,1.313777,2.1072693,-0.8749428,45
P31409,1.4487929,1.9582071,-0.7647748,45
SE2534,-3.5583591,0.21767235,1.7076492,55
E32337,0.038942337,-3.9386902,2.8193178,30
S32108,7.3832035,1.3818159,-5.462764,0
S31260,-4.5103607,-0.3473134,-1.2096725,9
S31531,1.5061865,1.3435025,-0.8472252,42
SS32701,8.758597,1.8566427,-6.263933,0
S32538,6.955164,3.3464289,-4.9725323,0
S31462,0.1802311,4.0269833,-0.005599976,20
SS32976,-1.4159546,4.067827,-0.055205345,17
S31574,-2.4679346,1.2652378,3.0166464,54
SS33188,-1.5495558,1.1074677,2.2435565,34
SS33032,-5.2088203,-0.3122301,-2.199479,9
DLIW2320,-0.7810917,-2.8127518,2.767602,47
CWES1184,1.0341573,-2.360632,0.5401168,11
S31781,-2.723755,-5.5251837,-2.1778774,23
S32517,7.3445663,3.2542052,-5.2910967,0
SS33013,-0.4553423,4.2257586,-0.7325916,20
S32212,1.1251831,2.3791122,-1.3893518,49
P31402,1.4972839,1.3333588,-0.85151196,42
SS33259,1.5140686,1.6387734,-0.75156164,42
CWES1177,-0.64475584,-0.7349992,2.8708582,28
S31527,0.12535095,-3.5514297,2.8976192,30
S31227,-1.3796778,-4.5011044,-0.6270695,22
S31053,8.8958025,2.3015566,-6.376279,0
P31670,7.3686028,1.4561958,-5.4336014,0
S32134,-0.1888504,-5.326227,1.1211424,18
S32868,-0.22041512,-1.7221193,-1.4118795,16
S31509,-3.5744524,1.1672807,-0.2657423,53
SS33225,-2.1086402,-3.0540934,-1.0414257,15
P31439,1.3963661,2.0128632,-0.808445,45
DLIW2323,-1.2389965,-0.75548077,4.0390415,5
DLIW2474,-1.2400403,-0.7552066,4.0392494,5
E33253,-0.17129707,-5.298378,1.1501503,18
S31064,-1.558372,1.2725153,2.2570505,34
SS32980,-1.970901,-4.194023,-0.7721462,22
S31620,7.382593,1.346798,-5.4080477,0
P31388,7.0907116,3.347187,-5.040408,0
P31258,1.3966475,2.0111122,-0.6025729,45
S33290,0.4116063,3.5579853,0.23270321,20
E31443,-5.025032,-0.19764566,-1.7719202,9
S32642,-2.2630439,5.383975,0.42211485,7
S31619,9.045822,2.417717,-6.19431,0
CWES1572,1.4652634,0.08535957,2.3856983,2
S31700,-0.2697401,-4.3567743,0.108240604,50
S31600,8.626044,2.3544765,-6.2284775,0
S32580,8.090211,1.9996357,-5.7084465,0
S31542,7.515829,3.1764507,-5.412961,0
S32110,6.8607225,3.3341036,-4.8861713,0
S31703,0.07114124,3.8041124,0.20970726,20
S31675,-1.19279,3.9321685,-0.20191765,17
DLIW2325,-5.006098,7.347311,-4.767029,62
SS33287,-0.18176174,-4.1611385,0.050575733,50
P31469,-3.830183,0.8333397,1.961977,52
S31829,1.5453281,1.2401762,-0.78523064,42
S32930,-4.770918,-0.5885124,-1.771491,9
S31311,-1.1606541,1.1971817,2.5050488,34
SS33039,-5.182869,-0.29324722,-2.1670904,9
S31755,-3.246191,1.1917324,-0.4508705,59
S32085,-0.38838005,5.2001934,-1.046051,6
P31661,0.32289267,0.7571945,3.00708,4
P31158,7.182329,1.4306145,-5.250369,0
CWES1186,-0.6794319,-0.8208928,2.819335,28
S31252,-1.2333155,-5.6924562,-0.22095299,33
SS33008,-1.1290984,-5.7450066,-0.1858201,33
SS33098,1.5352397,1.8106375,-0.80970955,45
SS33053,-4.844905,0.08489227,-1.6401434,9
S31605,-0.77785206,-2.7684975,2.7917843,47
S31608,-0.42804337,5.369069,-1.2403669,6
SS33134,-4.839205,-0.43877888,-2.0076962,9
S32480,9.173344,2.3053331,-6.454406,0
SS33003,9.433104,2.4635873,-6.1538944,0
SS33209,8.598035,2.4502277,-5.844158,0
S32128,7.4353495,3.594019,-5.3187065,0
S31622,0.128901,4.087925,0.02409172,20
SS33161,-1.5306973,-4.195491,-0.67645025,22
SS33180,-1.6332302,-4.238637,-0.6156912,22
S31758,-0.18555212,0.92675734,2.9505606,4
S31486,-0.24042034,-3.777773,2.6337748,30
S32395,-0.47395086,5.2462187,-1.1696477,6
S31502,-0.35002232,3.775031,-0.52758217,20
S31650,-0.11964035,4.271104,-0.21724701,20
SS33100,-1.203577,-0.7011218,2.0825157,51
S32752,7.459507,1.6437702,-5.542898,0
S32163,0.2377243,1.3187704,6.970585,58
SS33298,-1.9917731,-6.1773586,0.8351879,14
CWES1197,0.8962064,-1.3059559,-1.5805063,16
SS33080,-0.19408703,-5.277993,1.1852856,18
S31593,-1.5622435,1.2663832,2.1357646,34
S32057,-3.2146702,1.2141085,-0.44268417,59
S31560,7.205885,3.5654402,-5.1505356,0
CWES1142,-0.67668533,-0.7769685,2.8070488,28
S31391,7.3000307,3.5088587,-5.233103,0
P31198,1.0913467,3.3473244,0.1441207,20
DLIW2324,-1.1950488,-0.8193779,3.9980364,5
S31714,2.0945683,-0.78841734,0.029574871,35
S32962,-1.5569015,1.0772877,2.527121,34
P31511,6.6178493,2.4789038,-4.6696854,0
P31633,7.497484,1.4292121,-5.57086,0
SS32995,0.11869526,4.085492,-0.095033646,20
SS33173,-1.2670479,-3.0104046,0.16347456,38
P31536,1.6278486,0.9953666,-0.73017263,42
S32862,0.16618156,1.0557518,0.16658878,3
E33247,-1.591815,-6.568247,0.15711212,57
E32634,-1.6791859,-4.370579,-0.6646161,22
S31709,-0.08612776,-5.385028,1.1303558,18
DLIW2318,-5.1434937,-0.6233926,-1.8333492,9
S31793,-0.4495983,5.357361,-1.2569332,6
S31261,8.9929,2.1943989,-6.539076,0
P31405,8.539818,2.2779264,-5.949772,0
S31694,7.967779,1.9077473,-5.719282,0
S32219,8.510925,2.0985603,-5.915867,0
SE2689,9.141621,2.5522962,-6.1351643,0
E31473,0.11597633,0.75821304,2.9293823,4
S31581,0.9971981,-0.9655223,0.25606441,41
S32396,-2.8114176,-2.6479125,-1.5429115,24
S32045,0.6739254,-2.2902527,0.696928,11
S32271,-2.573061,-0.47036362,0.6329117,37
SS32804,-0.21975327,-2.680563,1.7889194,31
S32909,0.11125469,-2.4005828,2.1503181,8
S31203,0.43000412,1.420641,0.021429062,3
P31354,0.12026596,0.4560747,0.48991394,13
S31993,-0.3186865,4.3414497,-0.4084084,20
S32050,-1.6524925,1.1707821,2.36725,34
SS33172,-1.2984123,1.2810774,2.4350214,34
SS33129,-2.1149545,-0.67004013,-0.13107395,32
S31437,-2.7570353,-2.6129246,-1.4794369,24
DLIW2321,-0.32091904,-0.21429062,3.1933727,21
DLIW2322,-0.31816292,-0.22442532,3.185485,21
P31596,7.3824615,1.5365944,-5.5557814,0
S32162,7.4862537,1.3874569,-5.4833565,0
SS33263,8.911625,2.2075548,-6.4663267,0
S31275,6.7219324,3.3701506,-4.7540607,0
S32800,1.1710348,-1.055543,-1.2319598,16
S31564,-1.5113997,1.1934242,2.261528,34
S31251,-4.6066055,-0.9894409,-1.8249898,9
S33164,-1.3488703,-1.0044632,2.0052857,51
SS33015,-0.2500291,-5.2590666,1.0775247,18
S31982,-0.39409733,-4.361477,-0.10077,50
SS33169,8.675196,1.8160529,-6.1991053,0
S31195,8.646277,2.3665066,-6.029359,0
S31240,8.323961,2.237947,-5.931612,0
S31625,8.204591,2.4444337,-5.8431416,0
S31441,-1.7588902,-5.9030952,0.8105595,14
S31482,0.1331482,-1.4180651,-1.937851,16
S31959,-0.5643587,3.670895,-0.93432903,20
DLIW2326,-0.77636623,-2.818921,2.762394,47
S31115,0.15009737,-3.4457064,2.9032917,30
SE2681,1.0088534,1.1804762,-2.4754524,61
S33157,-0.26758957,5.422325,-1.2142696,6
S31497,0.44629478,3.5725908,0.20028925,20
SS33127,-1.7988429,-4.319027,-0.7488127,22
S31547,1.0305986,-0.33750963,3.0959644,4
SS32974,-0.093835354,4.1143293,-0.032759666,20
SS33020,-1.0080929,-5.5731325,-0.001077652,33
SS33102,-0.16989136,-4.3421135,0.15105009,50
S31521,-0.17326403,-3.3526707,2.3587017,30
P31299,-2.635426,-5.4797764,-2.1002884,23
SS33126,-2.1245627,-3.9744759,-1.0469713,22
P31317,-1.7173438,1.429285,2.0798726,34
SS32967,0.9947729,-0.29340458,3.2096062,4
P31767,7.439952,1.6366749,-5.515251,0
S31954,8.715557,2.1061358,-6.0939007,0
SS32945,7.392273,1.5019569,-5.551243,0
S32869,0.37188816,0.32505322,0.5469732,13
S31955,-0.25250864,-3.7730026,2.7338905,30
S31783,-1.9561024,-4.2064466,-0.8330045,22
SS33037,-3.2084494,-2.0920587,-0.7410407,27
DLIW2327,-0.31671524,-0.22475433,3.1858149,21
S32887,0.58521795,-0.7110634,-2.3039913,16
SS33255,-0.16640854,-1.6677742,-1.499362,16
S31554,-0.06893349,3.7343693,-0.005705357,20
S32012,-3.1023617,0.5623932,2.1441307,56
P32578,0.11253834,-2.4726038,2.181562,8
SS33151,-2.753685,-2.5644102,-1.3989668,24
S32513,-4.5548134,-0.7070408,-1.5074053,9
DLIW2314,-0.29911232,-0.21920395,3.186922,21
S32247,9.221758,2.4824886,-6.103959,0
S32153,1.02741,-1.1803637,0.08441734,41
S32161,-0.38750267,-3.087696,0.54808235,10
S31972,-1.01652,-5.703641,0.08357477,33
SS33045,-4.1499767,-0.15232182,-0.1281662,26
SS33138,-0.5912523,-4.2040205,-0.28362513,50
SS33227,0.022450447,-5.179208,1.022727,18
S32237,8.393154,1.7087903,-6.0261517,0
S31751,-1.2617397,3.933344,-0.13159084,17
SS32946,0.13169336,-3.3444052,-0.1693027,19
S32932,-4.759225,-0.3966322,-1.6296129,9
S31871,-0.43962145,-3.4057307,2.131618,30
S32290,1.0975866,2.3626766,-1.369307,49
SS32998,-1.8502216,-6.1418743,0.3552208,14
P31678,1.5635724,-0.5963621,-0.16228437,41
SS33076,7.379163,3.5926476,-5.2745686,0
S32178,0.036712646,3.3095694,0.09198761,20
S31403,0.2474451,-4.0473638,0.22891617,50
SS31903,-0.26887512,-5.177533,1.2348957,18
SS33165,-3.5114422,0.23601246,1.755909,55
CWES1199,-0.13116264,-1.6299582,-1.5516658,16
S32344,0.2650218,1.8845882,0.020907402,3
SS32972,0.1390543,3.8795142,-0.45290756,20
DLIW2329,-5.0947533,-0.6175995,-1.8313127,9
SE3258,-4.0673194,0.20484734,0.020082474,26
S31404,0.047558308,-3.462696,2.7732792,30
DWS2593,-2.2278671,5.3724585,0.2993393,7
SS32765,-0.02737236,-4.294221,0.17992878,50
S31432,8.2436075,2.4754553,-5.926524,0
S32921,8.758623,2.2031727,-6.418933,0
S31141,-0.26521492,-2.5392475,-0.5897989,19
S31935,-4.418111,-1.12043,-1.7246265,9
S33332,0.03177929,-3.3472753,-0.21276665,19
S31749,-1.7897921,1.0726986,2.6042309,34
S31791,-5.0203485,-0.6658931,-1.9359474,9
S32137,-2.7409258,-2.5091057,-1.3014073,24
S31211,-1.5094471,1.145083,2.138505,34
S32143,-2.3669095,-3.089674,-1.2328162,15
S31069,8.503525,2.3139825,-6.0943165,0
S32155,9.006666,2.240036,-6.586214,0
S32531,9.364906,2.3914604,-6.286417,0
S31809,0.5555792,-0.26231718,3.0095892,4
S31623,0.42528915,-1.2606792,-2.050837,16
S32589,1.4364519,1.299655,-0.86390686,42
SS33033,-4.710885,-0.84359646,-1.7207966,9
SS33012,-2.5576868,-0.5375757,0.44433832,37
SS33199,-0.26765823,-3.5860677,2.6906452,30
S32929,-0.86332893,3.9107199,-0.55009174,20
S31435,-2.4881086,-5.3663445,-1.9259176,23
S32428,-4.53446,-0.9308672,-1.6728497,9
S32442,-4.6039314,-0.74182034,-1.5530005,9
S31348,9.186029,2.1631622,-6.5038643,0
S32027,7.4235964,3.3588138,-5.3011723,0
SS33213,-2.6457605,-0.38314438,0.22066784,37
CWES1969,-0.62875223,-0.84757423,2.7195473,28
SS33079,-0.06481552,-3.2246199,-0.4021244,19
SS33103,-0.11075497,-3.1431894,-0.3436184,19
S32117,0.41603804,-1.236824,-2.048242,16
S32924,-3.2701187,-2.0510893,-1.0713291,27
S32135,0.48610973,0.13472176,2.9763498,4
S32829,-0.6306515,-2.2515306,-0.7762809,19
P31214,7.44219,1.7298427,-5.5058966,0
S31584,8.008965,2.468574,-5.763157,0
S32895,8.488815,2.2148337,-6.246704,0
S32239,7.171212,3.3923512,-5.1570377,0
SS32777,-1.5051279,-4.808666,-0.68279076,22
SS33021,-2.0107064,4.99098,0.19419622,7
S32912,-2.681611,-2.4493675,-1.2102222,24
S31520,-3.632207,0.99383307,1.9267111,52
S32233,-4.703103,-0.77216434,-1.6411972,9
DWS2785,-3.9612694,0.29631948,0.008381844,26
SE2802,-1.1373181,-0.63781786,3.5558615,5
S31696,-0.52217484,-4.274521,-0.19664001,50
SS31510,-4.1230135,-0.115905285,-0.09284067,26
S32180,9.047167,2.412612,-6.4936295,0
P31674,7.4920645,1.4365788,-5.590992,0
S32828,8.530585,2.2108326,-6.2127104,0
S31517,-1.3153138,3.7238827,0.0670557,17
DLIW2472,-1.2266455,-0.78508997,4.0255136,5
S32917,8.541731,2.2675543,-6.3370504,0
S31336,-0.4382,-2.2662554,0.8434906,29
DLIW2473,-2.7737036,-2.479206,-1.3043518,24
P31230,-3.810319,0.8015771,1.9679546,52
P31471,1.571168,1.3270321,-0.7859316,42
S32872,-3.5983038,0.19247437,1.6549935,55
S32883,-3.132143,-2.165844,-0.91536903,27
DWS2712,-3.6766243,1.1580338,-0.24987507,53
SE3196,7.460766,3.5718002,-5.3387547,0
SS33261,-1.7101712,-2.250452,0.13685274,36
S31677,0.8244467,0.075172424,2.9945583,4
ART3331,1.1425533,2.4091024,-1.429316,49
SS33062,-0.636251,-2.2453337,0.72949266,29
SS33142,8.8605,1.9445744,-6.3957148,0
S32850,0.43096113,0.31813908,0.3363533,13
S32900,-3.537057,0.21936989,1.7168102,55
CWES1965,-0.608685,-0.850368,2.7338276,28
SS33235,-4.054121,0.13224363,0.004349709,26
P32399,-1.7486725,1.302948,1.9492297,34
S32416,1.2274952,-0.7186651,-1.5379362,16
S32884,-3.8612328,0.20492268,0.81842613,25
SE2540,-1.4325318,-2.3347163,0.37192345,36
S32055,-0.30407143,5.69676,-1.491682,6
S32466,7.0762424,3.512877,-5.050745,0
S31302,-2.6740417,-2.5802383,-1.3523026,24
SS33155,-0.43029737,-3.0799875,0.6705637,10
S32226,8.733589,1.8103266,-6.311819,0
S32916,8.686314,1.9804478,-6.142582,0
S31506,-1.5780244,1.2429366,1.9641075,34
E31428,1.595356,1.1287823,-0.7586007,42
S32927,-4.6226416,-0.7324467,-1.6282878,9
P31686,-2.5790672,1.3143802,3.0029511,54
S32743,-1.2865114,-0.9576645,1.904686,51
SS33205,1.0269976,-2.371543,0.5578842,11
DWS2648,-1.125834,-0.6907253,1.8366513,51
P32267,8.406545,2.3937678,-6.144512,0
SS33149,-0.313653,4.327093,-0.39407396,20
S32415,-0.22074318,-2.9141989,1.919189,31
S31263,0.15003586,-0.040657043,2.5739794,4
DLIW2476,-1.239934,-0.75129604,4.045292,5
S32830,8.940636,2.5179539,-6.148469,0
S32853,-1.3612227,-2.8765287,0.10029125,38
S31597,-0.9280834,-5.497654,-0.04410553,33
S31489,-2.095193,-4.0164986,-0.9723997,22
P31665,1.1340003,-0.29051924,2.8476644,4
S31326,7.5062695,1.3593187,-5.4822054,0
S31891,8.396691,2.383326,-6.006954,0
S32934,7.733732,1.9011307,-5.6356106,0
S31814,-0.42586374,3.7748451,-0.50587654,20
S32836,-0.9039879,3.7715435,-0.5800543,20
E31052,-2.6215553,1.2913761,3.0038195,54
S31566,0.012505531,-3.9118261,2.7976742,30
SS33236,-2.3669848,-5.073929,-1.6979218,23
S33097,-0.19464016,5.378706,-1.1115308,6
S31483,-3.7247467,0.9190912,2.04394,52
S32270,-2.7457256,0.1420393,1.6716595,40
S31933,-1.9362745,-0.68035984,-0.13627863,32
SS33116,-2.0889773,-3.9945688,-1.0057268,22
DLIW2471,-1.2395954,-0.7570114,4.0436525,5
SS33277,-1.915595,-6.0816956,0.6351738,14
S32845,-1.3195505,-2.335719,0.28314018,36
S32299,-4.9983377,-0.5330386,-2.1782513,9
SS32783,-1.6915855,-4.364708,-0.99932003,22
S32766,1.0997119,-0.22089672,3.1523342,4
S32378,-2.7170563,-2.4633799,-1.2590189,24
S32581,-2.6932888,-2.4829063,-1.1866426,24
S31461,-0.030434608,-4.2482314,0.049731016,50
S32958,-1.7864609,-5.903023,0.8332987,14
DWS2679,8.965525,2.5688653,-6.1670866,0
P31407,7.484131,1.4018002,-5.4892673,0
S32370,8.696648,1.8251438,-6.2041683,0
DWS2618,7.328738,3.2905607,-5.286072,0
S32221,7.058364,3.307745,-5.058155,0
S31616,7.41667,3.4209967,-5.3085155,0
SS33009,-1.5153079,-4.3760653,-0.86768866,22
CWES1738,-0.48473263,-0.5515218,2.969119,28
SS33219,-1.2712326,-2.3019338,0.34509087,36
S31631,-1.0700693,-5.512967,-0.15506172,33
SS33216,-3.5702791,0.18750286,1.6703753,55
S32874,8.388453,2.4618134,-6.2379456,0
P31243,-3.0005713,1.3182049,-0.63017225,59
S32368,-2.5925627,1.2692432,2.9945145,54
SS33006,-2.0469818,-0.7518234,-0.05158806,32
CWES2656,1.2241621,-1.066884,-1.4486837,16
S31541,1.0539608,-1.4458661,-1.1240311,16
S31320,-2.6126652,-0.13946724,1.6662865,40
P31601,1.5278211,-0.4190364,-0.38335323,41
S31306,0.6458435,0.09832001,2.960926,4
S31796,0.24998665,0.80651283,3.0409632,4
S31294,7.948181,1.8536215,-5.62794,0
S32882,8.558039,2.1119642,-6.1145706,0
S32896,8.320892,2.3821812,-6.082142,0
S33223,8.634032,2.419304,-6.467306,0
DWS2310,-1.486619,4.217742,-0.06546688,17
S32915,-3.6306953,0.22053194,1.6567717,55
SS32966,8.9873085,2.1514769,-6.3363085,0
SS33197,-0.57174873,-5.0191164,0.2508669,33
S31347,-2.895812,-2.531866,-1.4005833,24
S32458,-0.41409254,3.7528276,-0.3221364,20
S32903,-0.5930414,2.0955906,0.2022767,46
P31669,-5.0602055,-0.078122616,-1.8877888,9
SS33221,-1.7119951,-2.2290182,0.19407368,36
S31494,-0.80588436,-2.7337222,2.7359257,47
SS33018,-2.7277336,0.20303488,1.7415442,40
S31682,-0.9549236,-2.1297169,0.6297569,29
S32843,8.660477,2.3291197,-6.3803596,0
SS33019,7.9863605,2.967639,-5.7422857,0
S32910,8.84112,2.206555,-6.580036,0
P31449,-4.8004513,0.3917575,-1.6149502,9
S31383,-0.46742153,-3.4731493,2.0292144,30
S32216,-0.33273554,5.6736774,-1.5006561,6
S31077,6.6099243,2.2995749,-4.675056,0
S31190,1.1737947,-1.7707124,0.26669407,11
S32614,-3.2572412,0.64029837,2.2352839,56
DWS2711,-3.6596022,1.2653842,-0.2577772,53
SE3283,-4.0527363,0.21159744,-0.003568649,26
SS33052,-0.30948353,-3.838704,2.3972301,30
S31698,8.205464,2.7732806,-5.9200983,0
DWS2497,9.069605,2.5395832,-6.020747,0
S32858,7.510601,3.533885,-5.375599,0
SS33203,-0.10175562,-4.5123014,0.17422009,50
S32833,0.048608303,-1.3789673,-1.7685747,16
SS33264,-1.3678856,-1.2058039,1.7251115,51
S31495,-2.72015,-0.001492024,1.5805702,40
SS32794,0.72519207,-0.31345463,3.0433407,4
S31255,7.390814,1.4856987,-5.4637203,0
S32879,8.340513,1.8785605,-5.8973713,0
S32901,8.675213,2.2730708,-6.3739576,0
S33323,-0.69155884,4.3367367,-0.70569706,20
S32848,0.8114376,-1.2206726,-1.8299356,16
SS33111,-0.17658615,-3.065641,-0.56461763,19
SS33117,-2.2860103,-3.228118,-1.1944127,15
S31813,-4.851059,-0.7870436,-1.8031106,9
S31859,0.1028676,-3.958579,2.877594,30
S32260,-1.176815,-1.1184063,3.3801346,44
SS33145,-0.4785738,2.0076685,0.3559494,46
DWS2596,-1.9499936,5.24144,0.40093994,7
S32170,-0.71494484,4.2903576,-0.40883446,20
S32183,1.4450512,-0.75725746,-1.5934801,16
S33118,-0.28311825,-2.8044658,-0.6483383,19
SS33046,-0.62386894,-5.004216,0.19499683,33
SS32771,0.20689917,-4.1834235,0.18097115,50
SS33137,-1.9304533,-0.68382263,-0.18415117,32
E31934,-0.24631119,-4.39151,-0.027469635,50
SS33156,-1.9826465,-6.181919,0.82595587,14
S31759,0.5807476,-1.1827326,-2.0287867,16
S32847,-2.6628218,-0.42361832,0.05140972,37
SS33047,8.813719,2.3540902,-6.2378254,0
S32251,-0.42968512,-3.8312635,2.3429403,30
S32784,-0.7711811,-2.9108477,2.696166,47
S31466,0.19994068,-3.6809387,2.9964619,30
S32130,-0.4215827,-3.574129,2.4387684,30
S32418,-0.24215841,-3.5894184,2.659439,30
DWS3273,1.1211462,2.3673058,-1.3892622,49
SS32803,-1.4106512,-4.499428,-0.51150894,22
S32061,-0.16521263,4.2968435,-0.396245,20
SS32772,0.27927828,-4.15763,0.18623352,50
S32706,8.383534,2.1917238,-5.8184443,0
E31193,-2.4681244,4.9260235,0.0954299,7
S32935,7.5177765,3.109004,-5.4281397,0
S31447,-0.24871254,-4.330943,0.041465282,50
S32893,-0.18846798,-1.6512961,-1.5132742,16
S32047,-0.25628567,1.3675966,0.90394497,1
SS33029,-0.35520458,-3.5616398,2.40724,30
S31974,-0.21091175,4.3711205,-0.3322549,20
S32891,-0.924633,3.9095106,-0.5254345,20
S31254,-3.3790855,0.5895457,2.1177087,56
S31792,-2.7436543,-0.27866364,1.5797777,40
SS33040,-4.6328545,-0.90097666,-1.9148631,9
S31328,0.24862957,-4.1400986,0.10360813,50
S31898,7.7710705,3.1890802,-5.584038,0
SS33099,-0.61945486,-5.016945,0.2022152,33
SS33107,-0.18997335,-5.0478477,0.8928499,18
E32340,-4.532961,-0.48185444,-1.2728581,9
P31363,-3.7745342,0.6719084,1.8679576,52
S31909,-0.5023198,3.7671804,-0.5856037,20
S32855,-0.5565996,3.753214,-0.8696351,20
S31822,0.12668419,-3.90489,2.9022713,30
SS32084,-0.46303463,-3.797244,2.5404844,30
S31603,-0.2563634,-4.0963154,0.07616234,50
S31284,-0.3292637,-3.692419,2.7636795,30
S33210,1.1455045,-2.1822271,0.4180212,11
DWS2600,-2.5958867,5.3147707,0.43493843,7
S32116,8.382854,2.3491855,-5.946253,0
SS32990,-0.9891324,3.9755325,-0.029316902,17
DWS2687,-2.1404362,5.3787785,0.41719627,7
SS33085,-0.7510958,-5.173438,0.23875093,33
S32899,-0.2275343,-1.7338572,-1.3646564,16
P31304,-4.662656,0.47790623,-1.4211473,9
S32937,-0.50625134,3.7878933,-0.796546,20
E32289,-3.7278938,0.8637819,2.0602746,52
S32254,1.4089632,1.99228,-0.8016262,45
SS33043,0.7674608,-1.6093302,-0.9362922,16
CWES1968,-0.6062002,-0.86458325,2.6910114,28
DWS2654,7.4021444,3.5837383,-5.295457,0
DWS2597,-2.1124215,5.331396,0.40954304,7
S32427,-3.9093714,0.22820854,0.80766773,25
S32113,-2.6317368,1.2915735,2.990695,54
S32169,-0.36803246,-3.8228111,2.6291132,30
S32826,8.167423,2.2410078,-5.979479,0
P31570,1.4248981,1.9914532,-0.78742886,45
SS33041,0.25280476,-4.1469345,0.17546701,50
P31210,1.5987501,1.3574386,-0.77840567,42
S32920,1.0608549,2.3349924,-1.3259115,49
E33218,-0.91489506,-4.695266,-0.23427677,48
SS33026,-0.18023396,-5.233774,1.2124405,18
S32897,8.832671,2.3215208,-6.1494007,0
S32919,8.942132,2.0380049,-6.5559464,0
SS33064,-0.5722437,3.924036,-0.824111,20
DLIW2477,-1.2266855,-0.785511,4.023879,5
S31325,-3.1873837,-2.122589,-1.0478077,27
SS33044,-0.53932095,-2.3769512,-0.20979309,19
S32890,-4.377532,-0.28436852,-1.0549321,9
SS32997,-0.44110107,4.3940926,-0.5284915,20
DWS2680,9.071615,2.35247,-6.425392,0
SS33086,1.1156349,3.3322659,0.1284957,20
S31770,0.95725775,-0.035398006,2.9672031,4
S32975,-1.8111897,-5.9460716,0.99266195,14
S32878,0.56185055,-1.0705605,-2.0857992,16
S32243,-3.2677994,-1.9650812,-1.0166674,27
S31579,-0.18951607,-3.5502086,2.5454168,30
SS33101,7.638077,1.5429864,-5.320775,0
DWS2595,-2.1285014,4.886158,0.22779274,7
S32931,-4.6640644,-0.76136017,-1.6345782,9
SS33112,-1.3994236,-3.1698208,0.044045925,38
S32889,-2.639153,-2.400454,-1.160995,24
S32574,0.2890792,-4.111477,0.14202261,50
S31296,-0.087646484,-3.518085,2.6132054,30
SS33231,-0.52695084,-3.757574,2.0680094,30
S31707,-0.41621304,-2.4461765,-0.76175594,19
SS33252,-2.486466,-5.2088566,-1.796957,23
S32148,-0.77960587,-5.105196,0.03355217,33
S31278,8.687014,2.4499092,-5.995183,0
SS33063,-0.33358192,4.340336,-0.43480778,20
S32849,8.572785,2.357316,-5.951439,0
S32894,-2.5060215,-0.15832138,0.6336918,37
S31551,-1.1799612,-5.6990976,-0.084077835,33
SS33121,-2.5391011,-5.40959,-1.928565,23
SS33167,-0.11680126,-5.3460712,1.153996,18
S31609,0.31927395,-1.2805786,-2.0392904,16
S32107,-0.30930614,-3.924137,2.5658712,30
S32118,-0.24877167,1.3131566,0.8994336,1
S32867,-1.8791537,-4.0673695,-0.6077862,22
SS32954,7.224888,3.3871212,-5.193507,0
SS33110,-1.6638398,1.3001451,2.0235548,34
S32827,-3.4300385,0.060044765,1.7145443,55
S32860,-3.254774,-2.0592632,-1.0941515,27
S31425,1.256175,-2.237412,0.44893837,11
SS32957,-2.5549593,-0.4876156,0.8950443,37
S32902,-0.16051674,-2.717495,1.81816,31
S32871,-4.6678066,-0.73016024,-1.8189445,9
S32904,8.620204,2.239681,-6.513441,0
SS33147,-0.07377672,-5.3302946,1.052875,18
SS33295,-2.885149,-0.24067402,1.2348065,40
DWS2686,-1.1698227,4.026062,0.044991493,17
SS32991,-0.5714607,4.3450603,-0.522913,20
S31699,-2.0126,-0.7807703,-0.1379509,32
S31595,-2.7298317,-0.09406614,1.4639158,40
S33214,-1.4030666,1.1209602,2.266274,34
SS33075,7.613573,1.4844232,-5.2815046,0
SS33286,-0.018248558,3.8092737,0.14139271,20
S31450,1.4351683,-0.9329262,-0.019494057,41
SS33124,-1.5436001,-4.803173,-0.74045515,22
S31951,-1.0212922,-0.56253195,2.423153,51
S32940,8.421785,1.8614402,-5.994569,0
SS33271,-0.20546865,-3.511567,2.684657,30
SS33162,-1.5311227,1.4132433,2.303131,34
DWS2984,-2.0768871,5.226265,0.35836983,7
S32422,0.9050493,-1.2550268,-1.6310301,16
SS33238,-1.3448915,-4.7104053,-0.4339428,22
DWS2682,8.980644,2.383936,-6.16813,0
S31070,1.3567705,-2.1493654,0.3672762,11
SS33104,-0.8841562,-5.3557634,0.10743523,33
S33279,-1.8417964,-6.271797,0.39038372,14
S32834,-0.45963287,3.8687692,-0.5789242,20
S32926,-3.4621964,0.24763203,1.7839155,55
S31481,-0.5458851,-3.1897717,1.7043419,30
S31621,-0.5102699,-3.4252777,1.9674625,30
S32001,-0.10862684,-3.0675468,-0.4890442,19
S32746,-0.26408672,-4.0354347,2.5721931,30
P31430,1.0287476,1.1113548,-2.3948612,61
SS33030,-0.17177439,-5.1111546,1.3649225,18
S32886,-3.243451,-2.105318,-1.0287905,27
SS33123,-1.5040197,-4.891178,-0.67037296,22
DWS2646,-1.1663327,-0.77012444,1.9122763,51
DWS2647,-1.1431723,-0.71514606,1.8533373,51
S32236,8.962796,1.9555225,-6.358489,0
S32906,8.596832,2.6243792,-5.9427576,0
S31368,-0.90881586,-2.102799,0.762702,29
S32941,-0.61203194,3.8756495,-0.74037075,20
S31507,-4.717083,-0.8910966,-1.7339654,9
S31594,-2.876377,-0.008753061,1.5304632,40
S32938,7.2488747,3.2757893,-5.224365,0
S32939,9.125906,2.1580381,-6.57586,0
DWS2767,0.20546055,1.6787205,0.078976154,3
SS33256,-1.8950357,-6.111986,0.6744127,14
DWS2685,10.218995,2.4522572,-6.3638115,0
S32875,8.451322,2.1656857,-6.2491264,0
S31323,-0.37446976,3.5169172,-0.59402275,20
SS33299,1.1892118,-1.3657799,-1.1242924,16
DWS2304,-2.534153,5.5639467,0.3842697,7
S32406,7.480713,3.2131138,-5.3907824,0
S32865,8.736641,2.350254,-6.113456,0
S32918,-3.597704,0.25024557,1.6912422,55
SS33166,-3.6715012,0.313982,1.7163591,55
S32863,-3.415515,0.27748585,1.8246765,55
SS33105,-1.8846979,-4.1530476,-0.6449466,22
SS33307,-0.1706748,-3.9540167,0.084168434,50
S32914,-0.95373726,3.8231301,-0.51895094,20
S31373,0.20359755,-3.7261252,3.0038424,30
SS33296,-3.691846,0.31831217,1.6904011,55
S32905,8.563915,2.0221534,-6.0420847,0
SS33301,-0.6989956,-2.185597,0.7375784,29
S32438,-3.0852585,-2.079709,-0.8585558,27
DWS2594,0.35990286,3.4579659,0.40170717,20
E31345,1.6113243,0.94830894,-0.7281084,42
S32942,-0.5122862,3.809062,-0.37439442,20
SE2537,-2.5532093,-0.5434036,0.90368986,37
S32936,-0.7864933,3.9257622,-0.59213495,20
SS33148,9.217718,2.3099947,-6.5063343,0
S33201,-0.15589333,3.484581,0.03561306,20
S41090,-2.569193,5.1057167,0.078151226,7
S41389,-1.3560619,3.8441648,-0.15492344,17
S41557,-2.4690418,5.129595,0.046586037,7
S41591,-2.4973297,5.457443,0.2872467,7
S41592,-2.6788878,5.4287024,0.4525423,7
S41593,-2.6562548,5.3095417,0.15545464,7
S42468,-1.2464328,4.0645266,-0.120004654,17
S41636,-2.6272507,5.2099094,0.42060423,7
S41651,-2.7015886,0.16954708,1.7726774,40
S41653,-2.557848,5.229478,0.2628832,7
S41680,-2.0531254,4.707364,0.20242071,7
S41724,-2.1014385,5.1430492,0.26342916,7
S41731,-2.3448048,5.0202684,0.32998276,7
S41746,-2.2926636,5.42953,0.36983824,7
S41796,-1.3243542,4.1538296,-0.020425797,17
DLIT1866,-2.2737951,5.5082836,0.4322462,7
S41930,-2.3033118,5.2206,0.23530483,7
S42012,0.03548336,2.382609,0.7305889,1
S42108,-2.3396292,5.4833565,0.42399788,7
S42109,-2.3783178,5.5380087,0.4329009,7
S42112,-0.11720562,3.6611242,0.04355097,20
S42114,0.20173645,3.5068245,0.35704756,20
SE42115,0.46564674,1.5052862,-0.03054142,3
S42117,-2.6830564,5.449011,0.4205985,7
S42122,-2.0929432,5.3497543,0.48119926,7
S42155,-2.528253,5.1401253,0.54406166,7
S42196,-2.1507483,4.837141,0.2316246,7
S42210,-3.3129396,1.2282944,-0.4132023,59
CWE42270,-2.494503,5.31756,0.21624756,7
SE2271,-2.2714672,5.00508,0.28034878,7
SE2304,-2.3752542,5.081211,0.2643566,7
SE2305,-2.5568647,5.512763,0.3559065,7
SE2306,-2.6498175,5.455883,0.3141575,7
SE2307,-2.2332573,5.5324984,0.47028923,7
SE2310,-2.4674134,5.505945,0.48066235,7
S42316,-4.121949,-0.5749531,-1.2886715,9
SE2318,-2.323944,5.5560427,0.41187286,7
SE2345,-2.5364432,5.620714,0.4836197,7
S42390,-1.3319521,3.8990192,-0.15082788,17
S42410,-1.4700699,4.2462273,-0.10380173,17
S42453,-2.4351282,5.1064186,0.10047817,7
S42594,0.3536396,2.282813,1.143991,1
S42595,0.3523531,2.270153,1.1462965,1
S41051,-1.4349041,1.3475032,2.3278947,34
P41066,1.5830612,1.1426854,-0.73714066,42
S41147,0.26141644,-3.5401487,3.0021544,30
S41156,1.134409,-0.1365776,2.87711,4
S41222,2.2069511,-0.7958808,0.017822742,35
S41262,-1.3794084,1.410007,2.4388733,34
S41329,0.24205732,0.025991917,0.29162073,13
S41379,-2.622098,1.277256,2.9723067,54
S41513,0.3917942,0.7161894,3.0518074,4
S41835,1.1219964,-0.13684797,2.844245,4
CWE41967,0.14053535,-3.408371,2.932764,30
S42093,0.14833355,3.93507,-0.45534468,20
SE2264,0.6267643,-0.13582134,2.8604488,4
S42598,0.36473274,2.249642,1.1663241,1
S41018,0.8930721,-0.2052288,3.0632696,4
S41057,0.9494662,-0.05985403,2.924141,4
S41067,0.5121708,0.24590111,2.9605541,4
S41068,1.5859456,-0.51440525,-0.33219433,41
S41148,-0.003663063,-3.3982878,2.7485752,30
S41150,1.6397877,-0.44328785,-0.4229622,41
S41158,0.04398966,0.7513113,2.9116764,4
S41164,0.35084438,0.7563648,3.0461736,4
S41200,0.1939354,0.7842927,2.9738426,4
S41218,0.037806988,0.79415894,2.913312,4
S41491,0.41443062,0.5755882,2.9068346,4
CWE41597,0.9593625,-1.0378237,0.177207,41
S41599,0.16299295,1.8882256,0.1011858,3
S41647,0.96961546,-0.042776108,3.1004744,4
CWE41669,-1.5901566,1.5334234,2.3238716,34
CWE41721,0.42316055,0.55845547,2.9054594,4
CWE41733,0.46023083,0.49342966,2.9111357,4
CWE41736,0.4408126,0.489748,2.8943,4
S41786,-0.97636414,-5.5331936,-0.1769805,33
S41825,-0.14004993,-5.259451,1.1195984,18
S41888,0.09740257,-3.3628044,2.8902988,30
S41900,0.9611244,-0.19245815,3.005251,4
S41901,0.14270496,0.64984655,2.8889952,4
CWE41948,0.8795681,0.21267986,3.2350287,4
S41974,0.53791857,-0.23331928,3.0477123,4
S41994,0.35211086,2.280652,1.1434183,1
SE2312,-1.4766903,1.3567381,2.3035398,34
S42462,-0.23185349,-3.9164333,2.2981272,30
P42575,-0.0631485,-3.6310863,2.6962547,30
P42589,0.3207717,0.7398553,2.9664307,4
S41022,-0.014143944,-3.2985787,-0.33167648,19
S41035,1.1670442,-0.17156267,2.9560232,4
P41043,1.142365,-0.5072956,2.607205,4
S41052,0.14654589,-2.1303968,2.2477093,8
S41099,-0.05337572,0.8188715,2.8560362,4
S41153,0.8130536,0.014564514,2.9837208,4
S41169,2.2863216,-0.7706404,-0.00742054,35
S41172,0.5255146,0.6456146,3.0511637,4
S41174,1.1274147,-0.46606827,2.6541128,4
S41181,-0.03531742,-5.323251,1.130436,18
S41213,-0.022898197,0.8651638,2.9723978,4
S41238,-0.033062935,-5.3449535,1.1394463,18
S41276,2.11133,-0.68494034,-0.13053846,35
S41340,-0.8405528,-2.6371918,2.6199417,47
S41347,-0.027737617,-5.326723,1.1756191,18
S41370,1.0817623,-2.2832193,0.48114872,11
S41392,1.3108993,-2.202876,0.4288211,11
S41479,1.1293192,-0.091524124,2.83255,4
S41489,0.50747204,3.7741718,0.39636707,20
S41498,0.31759787,2.2444487,1.1206656,1
S41518,0.6357441,3.8815536,0.3256607,20
CWE41520,0.8765116,0.09600544,3.1553202,4
CWE41521,1.4291682,0.07121372,2.4148016,2
CWE41590,0.6831479,-0.2506361,2.8941488,4
S41606,1.4051704,-0.8108568,0.006483555,41
S41635,0.27731705,2.400899,0.9739957,1
CWE41656,0.6138077,-0.19959974,3.020361,4
S41793,0.031816483,-4.138994,0.047950268,50
S41932,-0.002479553,-4.060629,0.09286022,50
SE2026,-1.0452251,-0.5775013,1.9568534,51
S42152,1.2348728,-1.2116919,-1.2179041,16
S42272,0.9273052,-0.27853107,3.1864595,4
S42539,1.0138454,-0.43580627,3.05926,4
S42545,0.20572186,-3.62329,-0.059803486,19
S42548,-0.22690105,-5.112301,0.96584797,18
CWE42613,0.566092,-0.28754997,2.9997177,4
S41252,1.4375377,0.06363344,2.4402676,2
S41447,-4.1702213,-0.16143465,-0.15040064,26
S41493,0.4131508,4.022031,0.060113907,20
S41500,1.4716005,0.03343296,2.3833876,2
CWE41541,1.5017996,0.10535145,2.3394346,2
CWE41658,0.33767176,-0.019622803,3.0454063,4
S41723,1.2128105,-0.058116436,2.7516088,4
S41737,0.49129343,-0.22040176,3.1012473,4
S41829,-0.28937578,-4.255204,0.030915737,50
S41859,1.5267544,0.2302208,2.225667,2
S41946,0.1562562,3.4399395,0.3453684,20
DLIT2169,-0.92429066,-0.53116894,2.5959187,51
SE2175,0.17258835,2.4830742,0.84091187,1
DLIT2207,-0.3185296,-0.39826727,2.881281,21
S41056,0.5332813,0.2920127,2.90831,4
S41268,-0.20711899,0.94852066,2.941599,4
S41318,0.93559074,0.2134304,3.2340508,4
S41411,0.8807144,0.16461468,3.204585,4
S41486,0.8565254,-0.2809744,3.1165075,4
S41487,0.36955357,0.08896446,2.8292103,4
S41516,0.61777496,0.29768562,2.8494606,4
CWE41554,0.93633986,0.12058449,3.2357626,4
S41568,0.7886276,0.005868912,3.237667,4
S41595,0.9056263,0.090559006,3.147972,4
S41620,0.49254704,0.19862843,2.911727,4
CWE41753,0.35090637,0.1350708,3.0302267,4
CWE41902,0.54483414,-0.03809452,3.0710278,4
CWE41949,0.74791527,0.05145645,3.1580343,4
S41960,0.9377327,0.2129345,3.2254848,4
S41961,0.77155304,0.094758034,3.1022549,4
P42362,0.6741214,3.9025078,0.21544838,20
S41141,-0.73306036,-2.9484272,1.6078367,30
S41210,-0.69424295,-5.34379,0.21426392,33
S41232,-3.869505,0.24887657,0.85992813,25
S41313,-1.2721443,-2.7755203,0.03718376,38
S41348,-1.1638937,-0.9715195,1.7826481,51
S41434,0.16667843,2.4018755,0.87913465,1
S41532,-0.4093833,4.355322,-0.18256211,20
S41556,8.465195,2.523767,-5.9893007,0
S41596,-2.2258244,5.124672,0.3949318,7
S41600,-2.7847586,-0.23282051,1.6612263,40
S41756,-1.333045,-2.3362408,0.25528812,36
S41768,-1.2856503,-3.0803876,0.063931465,38
S41769,0.7975106,-1.5820231,-1.2526693,16
S41774,-0.2173481,1.7331829,0.85063076,1
S41775,-2.7139606,-0.07536411,1.623116,40
S41778,0.22232914,3.3507442,0.3875208,20
S41779,-0.26352596,-3.9075012,2.2840958,30
S41780,-1.3039846,-1.1573253,1.7787752,51
S41782,-0.6088953,1.9381256,0.23616695,46
S41787,-2.3816752,-5.2403603,-1.7464256,23
S41789,-1.7296348,-1.0539517,0.121684074,32
S41791,-1.7652574,-1.0040979,0.08863258,32
S41794,-4.3457947,-0.6523342,-1.4389458,9
S41861,-1.9106784,-4.2314634,-0.80268764,22
S41898,-1.2906122,-2.9818335,0.097932816,38
S41914,-1.7834301,-1.3925657,1.6281948,60
S41924,-1.3402181,-0.96578884,1.9764538,51
SE1959,-1.1286922,-0.6273632,1.8492365,51
SE2004,-1.0043535,-0.45852327,1.9729624,51
S42013,0.31173182,1.0200024,0.2331276,3
S42016,1.0980892,-1.23773,-1.4067345,16
S42017,-0.5058894,-2.3295436,-0.23773575,19
S42020,-1.2953529,-1.0991583,1.7214594,51
S42023,-0.06648159,2.2776213,0.6954961,1
S42073,-0.06492138,-2.529827,1.8702011,31
SE2121,-1.1660848,-0.6217947,1.800458,51
SE2142,-0.10949898,-4.421636,0.3741541,50
S42166,-3.2080135,-1.9519672,-0.5557318,27
SE2209,-1.1175375,-0.6736717,1.9015508,51
S42250,-1.202692,-0.7830763,1.9158955,51
S42255,-1.3293781,-1.0451841,1.8452568,51
S42263,-0.60981417,-2.402861,0.8856201,29
S42295,-0.9818592,-0.5734768,2.116661,51
S42322,-2.2205076,5.385041,0.36686516,7
S42323,-0.60064363,1.2293615,3.9148521,12
S42324,-1.5007854,-1.2243543,1.7361455,51
S42354,-1.9623346,-4.2085075,-0.888566,22
S42392,-0.18987465,1.7470732,0.85946274,1
S42393,-0.18937969,1.7853422,0.8375912,1
S42398,-0.5844388,-3.0449476,1.7533159,30
S42482,-1.3203268,-0.96631956,1.9399357,51
S42487,8.591165,2.6555586,-6.0879097,0
S42499,-2.6091022,-5.3546715,-1.9996872,23
S42502,-1.2600012,-2.5188842,0.41462326,36
S42522,-1.0499992,-4.705,-0.2721548,48
S42530,-0.9631319,-4.678299,-0.11039257,48
S42577,-2.5495472,-0.48393297,0.80597544,37
2592,1.0659409,2.3410006,-1.3396516,49
SE2139,-0.88368225,-0.45480156,2.0872622,51
S41016,-2.7752275,-0.19113016,1.6695843,40
S41049,-1.773138,-4.5097084,-0.47095203,22
S41582,-3.5928364,1.3343143,-0.26897812,53
S42101,-3.1020613,1.2722402,-0.4189558,59
S42463,-4.6579523,-0.22611189,-1.3744626,9
P41124,-4.754938,0.44962597,-1.5306177,9
S41189,-3.611,1.2006245,-0.25506783,53
S41333,-4.6201572,0.5287075,-1.3622303,9
S41461,-3.8457832,0.17420769,0.7337847,25
S41484,1.5757504,1.3965802,-0.78465986,42
CWE41685,-4.11924,0.092149734,-0.008611679,26
S41693,-4.1340017,0.23925447,0.28119516,26
S41833,-3.778266,1.1268697,-0.2250166,53
S41896,-3.711174,1.2043281,-0.25565243,53
SE1951,0.1578641,2.4626007,0.83621407,1
SE1957,-4.15222,-0.061911583,-0.10395241,26
S42051,-3.8646755,0.24975634,0.9614029,25
SE2126,-0.8445673,-5.458681,0.07252979,33
S42167,-4.1244802,0.16742706,0.2273674,26
S42182,2.419263,-0.7933636,0.029663086,35
SE2245,-4.154295,-0.02825737,-0.08119106,26
P42417,-3.0669823,1.350615,-0.580492,59
S42439,-3.9914608,0.41963673,-0.22239351,26
S42446,-3.8492546,0.37163448,-0.10126877,26
P42478,1.4098167,1.2945724,-0.90026474,42
S42543,9.030291,2.217492,-6.586643,0
S42560,-3.1909199,1.2510595,-0.47735977,59
S42561,-3.2392988,1.1883864,-0.4493637,59
S42593,-3.6151323,1.3504086,-0.26428413,53
S41053,-3.6271877,0.22905111,1.5872893,55
S41054,-4.1451073,-0.24675417,-0.26145315,26
P42488,-3.0258198,1.3803234,-0.6310015,59
S41042,-4.8489113,0.35187244,-1.5813937,9
S41050,-4.930668,-0.26096725,-2.143073,9
P41111,-4.7074137,0.49606705,-1.5514526,9
S41121,-4.9281883,0.18242264,-1.6817942,9
S41140,-4.8111763,0.3851714,-1.6115036,9
S41143,-4.9413567,0.21156406,-1.8083963,9
S41149,-4.9451675,-0.7891674,-2.1587,9
P41173,-4.944565,0.1891613,-1.8103285,9
S41203,-5.092039,-0.29310608,-1.8513889,9
S41271,-4.4906015,-0.9112406,-1.7623825,9
S41300,-4.899729,0.23863935,-1.677804,9
S41319,-5.2329254,-0.636538,-2.216013,9
S41320,-4.5868015,-0.5575218,-1.4288645,9
CWE41666,-0.08889532,-3.456317,0.01412487,19
S41670,-4.9826965,0.022916794,-1.8216057,9
S41697,-5.0980253,-0.1591258,-1.9215956,9
S41879,-5.08589,-0.37088966,-2.0415878,9
S42015,-5.187333,-0.27097988,-2.138218,9
S42037,-4.830413,0.36388493,-1.5918684,9
S42052,-5.1166525,-0.14853668,-1.9410553,9
S42056,0.060643196,3.9307766,-0.4561367,20
S42077,-5.176118,-0.33650494,-1.9947824,9
S42088,-4.1446896,0.2482338,0.2044301,26
S42095,-4.9906096,-0.027198792,-1.9620066,9
SE2136,-4.817174,0.39678335,-1.6276083,9
SE2218,0.1685381,2.4773126,0.84174013,1
SE8000,-5.168803,-0.6148977,-2.1786518,9
SE8001,-5.2410297,-0.5255146,-2.2226582,9
SE8002,-5.0914536,-0.22433186,-1.8763924,9
SE8003,-5.2713814,-0.43700695,-2.1598186,9
SE8004,-5.1173334,-0.58684444,-2.0759935,9
SE8005,-5.08107,-0.66245747,-2.0983648,9
SE8006,-5.103857,-0.23162746,-2.0958347,9
SE8007,-5.0780563,-0.67126894,-2.003852,9
SE2236,-4.974947,-0.4172411,-1.9000711,9
SE2241,-5.0444107,-0.35664654,-1.9945612,9
SE2244,-4.6609507,-0.7597337,-1.6161852,9
S42256,-4.9245033,-0.26794386,-2.0233617,9
S42301,-4.754938,-0.81932783,-1.7070274,9
S42303,-5.103427,-0.18976688,-1.8528099,9
P42348,1.5723305,1.2909298,-0.7851305,42
S42352,-4.760684,-0.64608765,-1.7233429,9
S42368,-4.918126,-0.7150421,-2.033811,9
S42372,-5.0882673,-0.5418911,-1.9631882,9
S42391,-5.1054077,-0.5350485,-1.987318,9
S42395,-4.9096746,-0.25208378,-1.8128214,9
P42402,1.4597425,1.9364834,-0.74747324,45
P42452,1.5459852,1.2996769,-0.8226118,42
S42546,-4.772272,-0.8123846,-1.7657037,9
S42549,-4.9401484,-0.62729454,-2.198988,9
S42587,-5.1246204,-0.48887444,-1.8918695,9
S42625,-4.5788984,-0.2922573,-1.3139338,9
S41123,-2.0797033,4.64797,0.16112041,7
P41332,-1.7112503,1.4564829,2.1652908,34
P41368,-1.7278147,1.481328,2.1617622,34
P41177,-3.82333,0.7023907,1.9172964,52
S41258,-3.7739964,0.86446,2.012888,52
S41290,8.369217,2.4023829,-6.135729,0
CWE41506,1.1472011,-1.2327056,-0.026302338,41
SE1575,0.19294691,2.4954906,0.84958935,1
S41637,-0.5638523,3.7744646,-0.8852415,20
S41639,-0.5848975,2.0862775,0.21661282,46
S41641,-0.5938778,2.09313,0.20630646,46
S41654,-4.3742037,-1.1153765,-1.6708779,9
S41687,-3.5843992,0.79723597,2.0877018,52
S41771,-3.4202366,0.22415161,1.7722988,55
S41783,-2.778923,-0.23352766,1.6533089,40
S41828,-3.7365093,0.73021936,1.9979281,52
CWE41840,-3.6554317,0.40991116,1.7176828,55
S41851,-0.5933304,2.1147852,0.19758177,46
S41926,-0.05106449,-2.3243651,-0.3266163,19
S42002,1.6222615,1.1198397,-0.7412443,42
SE2203,-3.5578728,0.2043333,1.6823926,55
S42528,-2.2833314,-3.2176552,-1.1913519,15
P42568,-3.7862186,0.8600559,1.9997725,52
S42569,-4.1678658,-0.12937498,-0.13874245,26
P42574,0.059024334,3.8321352,-0.5207405,20
S42582,-1.9285975,4.784008,0.079236984,7
S41040,0.98482466,1.1900492,-2.4982667,61
S41046,-2.7999659,-2.619152,-1.5193138,24
S41178,-4.1329126,-0.034290314,0.03456831,26
S41264,-2.87846,-2.3768396,-1.2850871,24
S41273,-2.8272915,-2.6496487,-1.5304441,24
S41297,-2.6579409,-2.5643177,-1.2087164,24
S41455,-2.7142649,-2.605257,-1.4270706,24
S41540,-0.5855427,2.079195,0.21398544,46
SE1559,0.35630608,2.2564812,1.1576996,1
S41619,-4.6512966,-0.8569393,-1.9108601,9
CWE41675,0.9473357,-1.6308699,-0.8404541,16
S41677,1.5582552,1.3438282,-0.7043276,42
CWE41713,-2.7930317,-2.659886,-1.5632353,24
DLIT1772,-1.5427909,-2.2475128,0.15778351,36
S41773,-0.34342575,-2.420992,-0.62890434,19
S41777,-2.7885551,-2.5600963,-1.4287224,24
S41826,-2.6814227,-2.5093536,-0.96977377,24
S41845,-0.474962,-2.7752295,-0.59520245,19
S41860,-0.54467964,2.0913944,0.23947716,46
S41897,-3.2049265,-2.1160917,-0.82675934,27
S42042,-4.832836,0.36164045,-1.6449833,9
S42044,-3.2660866,-2.084814,-1.0172329,27
S42076,-3.1973038,-2.0896082,-0.7467861,27
S42079,-3.8226256,0.21790695,1.1390703,25
S42124,-3.1718578,-2.155284,-1.2517548,27
S42158,-0.5813041,2.076624,0.2199297,46
S42469,-2.2596579,-3.235167,-1.1692877,15
S42566,-2.8150635,-2.66607,-1.4491835,24
SE2567,-2.2461224,5.611622,0.47945023,7
S41071,-3.84909,0.07778454,0.8311367,25
S41091,7.8652945,1.785922,-5.6940002,0
S41096,0.39443254,0.28631926,0.5863619,13
S41142,1.5124879,1.7180214,-0.77289677,45
S41163,-3.9126358,0.25654268,0.8548918,25
P41175,1.6322002,0.2814541,-0.5929322,43
P41180,1.5870667,1.2395878,-0.77742195,42
S41196,1.457469,1.9244823,-0.7664623,45
P41229,1.5672836,1.3053875,-0.80120087,42
P41255,1.6166258,1.1824551,-0.7789626,42
S41351,1.0445371,2.3492718,-1.2523403,49
S41661,-3.7349758,0.7317004,1.905304,52
S42033,0.26435232,0.3434615,0.39805984,13
S42035,1.537375,1.400415,-0.72670174,42
S42053,1.6115813,0.9419756,-0.7268338,42
S42069,1.6238251,0.89391136,-0.7102375,42
S42294,-1.039855,-0.5690942,2.4043822,51
P42381,1.4963284,1.3064756,-0.8506479,42
S42388,1.6421499,0.9692507,-0.72295856,42
P42491,7.4728575,1.3771529,-5.552803,0
P42493,1.622622,1.0890503,-0.7426834,42
S42533,-0.4013834,4.4994755,-0.5192323,20
S42623,7.5696497,1.3822393,-5.494133,0
S41020,0.5969372,-1.1763744,-2.0425344,16
S41129,0.38150883,-1.0802107,-2.1896105,16
S41145,0.240664,-1.361371,-2.0317593,16
S41187,0.3400402,2.2931738,1.115623,1
S41212,0.66050386,-1.7452273,-1.0406995,16
S41254,0.48739433,-1.119843,-2.1340895,16
S41256,0.5196266,-1.2016392,-2.0427284,16
S41260,0.6138067,-1.1864967,-2.000576,16
S41275,0.6022711,-0.8438368,-2.236206,16
P41344,-3.745451,0.8391094,2.0252209,52
S41388,0.5102458,-0.63057137,-2.2856426,16
S41393,1.2000079,-1.0886989,-1.4085288,16
S41406,0.5354104,-0.92912865,-2.2342787,16
S41533,0.12282181,-1.5094967,-1.8719501,16
S41564,-0.06421089,-1.6105795,-1.1822014,16
S41578,-0.29703522,-1.6869736,-1.4106565,16
S41613,0.008195877,-2.5052676,1.7967153,31
S41638,8.55918,2.1750374,-5.7923117,0
S41673,1.3571424,-0.8082609,-1.6229696,16
S41698,0.6220579,-0.6773548,-2.3133993,16
S41705,0.5269699,-1.2146273,-2.0442533,16
S41711,1.1980658,-1.0746765,-1.4466801,16
S41735,1.2665396,-1.0984135,-1.3360953,16
CWE41824,0.24495268,-1.3055477,-2.0604172,16
CWE41830,0.98994493,-1.4577885,-1.1530085,16
S41916,1.2719178,-1.3993816,-0.9987097,16
S41917,1.1206446,-1.3689923,-1.2412252,16
S41920,0.33141994,-1.1311646,-2.1570854,16
S41956,0.10412598,-1.4466038,-1.9003181,16
S41977,1.1706414,-1.4392452,-0.99868584,16
S41997,0.55644417,-0.71762466,-2.3599281,16
S42000,-0.36399078,-1.9046221,-1.1095238,16
S42003,1.1285486,-1.001318,-1.2793446,16
S42018,1.0298843,-1.3775983,-1.3012018,16
S42031,1.4441347,-0.7606411,-1.5700097,16
CWE42059,9.02814,2.568533,-6.1010866,0
S42062,1.0876627,-1.3819695,-1.230545,16
DLIT2064,9.078368,2.5383315,-6.1524363,0
S42100,0.36107922,-1.1251259,-2.1415892,16
S42128,1.4120593,-0.7862396,-1.6009679,16
S42133,-0.3924446,-1.6291311,-1.1861877,16
S42148,0.5841651,-0.9907427,-2.1777716,16
S42151,0.75158024,-1.2080679,-1.8716068,16
S42153,1.3124828,-1.0044155,-1.4249802,16
S42157,-0.30236006,-1.7019339,-1.3951225,16
S42276,0.035725594,-2.5372272,1.6837807,31
S42277,0.026388168,-2.546359,1.7176008,31
S42289,-0.01735115,-2.5165577,1.7038174,31
S42454,0.58077526,-1.0380812,-2.146184,16
DLIW2460,0.10212469,-1.4796877,-1.8962674,16
DLIW2461,0.1304574,-1.4500265,-1.9279785,16
S42476,1.4272966,-0.7782259,-1.5494766,16
S42518,1.2062664,-1.1672397,-1.3217621,16
S42520,0.576478,-1.1493754,-2.054675,16
S42536,-1.0614185,-2.3861923,0.31158352,36
S41110,-0.23466873,-2.8170033,1.8241119,31
S41116,-1.768549,-5.863476,1.0787683,14
S41241,-1.8578696,-6.0305195,1.0030036,14
S41282,-1.7523108,-6.269808,0.26571083,14
S41354,-1.920949,-6.1156693,0.8382292,14
S41499,-1.7829523,-6.202882,0.4405675,14
S41508,-1.8546991,-6.252021,0.39633083,14
S41526,-1.8843055,-5.780259,0.8792491,14
S41545,-1.8836861,-6.143605,0.7057066,14
S41546,-1.8068266,-6.008729,0.8323436,14
S41548,-1.9108925,-6.172842,0.8040314,14
S41549,-1.8980217,-6.2339478,0.65638924,14
S41550,-1.878686,-6.1967564,0.7302866,14
S41644,-1.8949089,-6.141697,0.7967739,14
S41657,-1.7885714,-5.9570284,0.8899083,14
S41663,-1.8672361,-6.0623703,0.9894366,14
S41664,-1.9003005,-6.2441635,0.61758566,14
S41688,-0.13999653,-3.7799625,2.6576557,30
S41689,-1.8398643,-6.238823,0.766675,14
S41725,-1.8250227,-5.927725,0.97895527,14
CWE41726,-1.9074993,-6.1913633,0.780118,14
S41728,-1.8218613,-6.2778187,0.4186268,14
S41853,-1.771513,-5.5506344,0.9411044,14
S41856,-1.8914242,-6.1128464,0.87443686,14
S41868,-1.8728714,-6.082468,0.8580198,14
S41928,-1.6723471,-6.45113,0.22736835,57
S41980,-0.68516636,-2.1937714,0.8156204,29
CWE42090,-1.9216557,-6.2251577,0.6893177,14
S42253,9.182579,2.3484902,-6.5091267,0
S42274,-0.03569269,2.2658873,0.73018694,1
S42309,-1.8414669,-6.188469,0.6274433,14
S42314,-1.8398342,-6.1554356,0.5767188,14
S42350,-1.8251023,-6.1100845,0.469553,14
S42351,-1.9394073,-6.1337566,0.8566346,14
S42353,-0.2792902,-3.9391232,-0.004662514,50
S42356,-1.8162842,-6.2573338,0.36952972,14
S42524,-0.42852068,-3.339035,2.118061,30
S41115,-2.519135,5.1196404,0.056209564,7
S41381,-1.2151794,-5.6453094,-0.2468195,33
S41416,-1.599412,-6.5353346,0.1472745,57
S41418,-1.6929712,-5.851657,0.81072426,14
S41445,-0.2093544,-2.5905476,-0.3321848,19
S41525,-1.7891827,-6.1618633,0.266407,14
CWE41617,-2.4301147,-5.122796,-1.5608163,23
S41625,-1.1086144,-5.6880264,-0.17659664,33
S41634,-1.2755651,-5.4468346,-0.29380703,33
S41643,-0.99749374,-5.594882,-0.13115597,33
S41648,-1.128624,-5.588829,-0.20407772,33
S41678,-1.6013565,-6.5492334,0.1528163,57
S41683,-1.6369448,-6.2934113,0.4030218,14
S41709,-1.2170334,-5.6125307,-0.25339317,33
S41831,-1.1844435,-5.7481785,-0.13881302,33
S41834,-0.9856396,-5.560484,-0.052223206,33
S41863,-1.6111069,-6.558462,0.14952421,57
S41892,-0.5948484,-5.2712307,0.13390303,33
CWE41995,-1.568965,-6.3900003,0.10732746,57
SE2235,0.63511944,3.7854543,0.34394693,20
SE2243,-1.564168,-6.544421,0.11922312,57
SE2357,-1.9947243,-6.2353086,0.8386011,14
DLIT2366,-0.9480858,-5.5564594,-0.00127697,33
S41146,-2.2245164,4.87368,-0.032083035,7
S41289,-0.14589787,-5.0561924,1.4437447,18
S41382,-1.0605736,-4.4855633,-0.2518282,48
S41551,-1.0213609,-4.685169,-0.24676418,48
S41718,7.5168,1.7731371,-5.5453243,0
S41719,-0.36362123,-4.3847227,-0.111264706,50
S41727,-2.6314516,5.2471523,0.14803982,7
S41838,-0.7023077,-4.166545,-0.24997425,50
CWE41839,0.21279716,-4.222225,0.16243172,50
S41847,-4.1438637,-0.014250755,0.03745365,26
S41922,-0.22383451,1.7336502,0.85398865,1
S42298,-0.59396744,2.1789675,0.16396093,46
S42419,-0.6488843,-4.1396656,-0.35960674,50
S42512,-0.71824694,-4.1407814,-0.3154297,50
S42563,-2.5442362,5.141567,0.065057755,7
S41188,-0.6386261,-4.2994366,-0.18332386,50
S41642,-1.2771215,-3.0061646,0.17345333,38
S41715,-0.6398001,-3.9843664,-0.3410821,50
S41732,-0.37195158,4.21883,-0.24898529,20
S41810,-1.703805,-6.466717,0.2831645,57
S41858,-1.3004293,-2.7459946,0.15015411,38
S41886,-0.7295556,-5.310401,0.2250638,33
S41890,-1.5389299,-5.6973476,0.66822624,14
S41905,-4.4316826,-0.9392705,-1.5611534,9
S41913,-4.561432,-0.7916584,-1.612916,9
S42047,-0.95808935,-5.56182,0.31946182,33
SE2193,-1.026443,-0.5983205,1.9913588,51
SE2216,-3.722763,0.091310024,0.037285328,26
SE2234,-1.2904325,-5.4640503,-0.15579796,33
SE2242,-1.6341095,-4.144861,-0.8115821,22
S42376,-3.2402,-2.0355139,-0.63776207,27
S42387,-0.84090996,-5.234929,0.04036379,33
S42445,-1.4065332,-2.9781685,0.28023052,38
S42513,-0.29082918,-4.418791,0.23496246,50
S42584,0.09127045,-3.4503093,-0.123339176,19
S41055,-1.7312231,0.79392433,2.968524,39
S41270,-0.14625931,-2.7131186,-0.66141796,19
S41274,-0.1453042,-5.3533096,1.0977826,18
S41309,-0.03720808,-5.331314,1.1318727,18
S41310,-0.14539623,-4.606924,0.37693644,50
S41311,-0.3476081,-3.805317,2.257968,30
S41364,-1.5245342,1.4128613,2.2932415,34
S41383,-0.10189295,-2.7921371,-0.47585583,19
S41604,-0.27813244,5.4200172,-1.338028,6
S41615,-0.64679193,-5.2211113,0.09730148,33
S41729,-0.31639767,5.3639183,-1.1735344,6
S41730,-2.5655956,-5.341155,-1.9496193,23
S41864,-0.61221313,-4.1934166,-0.2473507,50
S41873,-0.27411652,-3.3029509,-0.27538395,19
S41893,-0.02197361,-5.3514404,1.1382751,18
S41899,-1.6165247,-6.528736,0.15175104,57
S42125,-0.09053135,4.1850996,-0.05009365,20
S42195,0.25734234,-4.062084,0.21217632,50
CWE42292,-1.2027378,-5.4461994,-0.24254227,33
S42302,-2.4346523,4.9858027,-0.002753258,7
S42383,-0.12843323,-5.1981354,1.2878513,18
S42437,-1.0064926,-0.58391905,2.3991785,51
S42466,-1.9970951,-4.0728474,-0.8816929,22
S42470,-0.17045498,-5.2349997,1.2044187,18
S42504,8.167399,2.742126,-5.9109344,0
S42511,-4.946183,-0.82695866,-1.9671764,9
S42532,0.9202142,-1.347476,-0.014625549,41
S42583,0.15322065,-3.341093,-0.14660549,19
S42605,-1.404664,-4.8494797,-0.5316982,22
S41524,0.24969292,1.3324771,6.9620504,58
S41624,0.24560738,1.3253508,6.9697084,58
S41655,0.23119164,1.3180466,6.968302,58
S41702,0.23816586,1.3203201,6.966337,58
S41911,0.24201775,1.3251734,6.9478664,58
S41952,0.29798174,2.2647734,1.0746183,1
S41955,0.30330658,1.3863063,7.0179396,58
S42127,-0.2710805,-4.2072134,0.04283285,50
S41058,-0.016373634,-3.8297772,2.7572498,30
S41103,0.15465069,-2.2238946,2.2552738,8
S41159,-0.06265354,-3.7977896,2.7184858,30
S41190,-0.6556511,-3.3119297,1.5952034,30
S41191,-0.47347164,-2.6699333,-0.27210045,19
S41197,-0.625268,-3.0692062,0.5702095,10
S41204,-3.3949814,0.2523241,1.812047,55
S41215,-3.5227833,0.25329208,1.6783409,55
S41217,1.5368872,-0.7383537,-0.032832146,41
S41225,-0.4668908,-3.3392735,1.903965,30
S41240,-0.053504944,-3.6238804,2.756792,30
S41244,-2.7864408,-0.12025738,1.4346695,40
S41288,-0.573267,1.0835505,2.7993922,4
S41291,-0.7570362,-5.3773603,0.28227568,33
S41324,-0.4624262,-3.3566532,2.073081,30
S41331,-0.2377615,1.4241843,0.87227345,1
S41407,-0.056725502,-3.6549025,2.8312864,30
S41409,0.20776606,-3.5670424,2.9876308,30
S41414,-0.46444845,-3.1833906,0.45742893,10
S41457,-0.64539146,-4.1439342,-0.26659203,50
S41458,-0.08384085,-2.9384503,-0.22182322,19
CWE41542,-0.23179054,-3.507144,2.6006775,30
DLIW1574,-0.79892635,-2.828002,2.7468395,47
S41629,-2.8009725,-0.2409792,1.6497345,40
S41645,0.14645386,-3.455657,2.9357548,30
S41652,0.14831066,-3.9594975,2.9420834,30
S41665,1.1004648,-2.2943401,0.35687637,11
S41714,0.0856576,-3.8761878,2.883997,30
S41750,0.116333485,-3.8586082,2.8341017,30
S41758,-0.1479559,-3.8369522,2.642949,30
S41799,-0.5822811,-2.3304052,0.7891574,29
S41857,-0.31901908,-3.8955712,2.209937,30
S41918,1.0519209,-2.197587,0.5048909,11
S41919,0.116888046,-3.9007015,2.8323994,30
S41942,-0.18752098,-3.858595,2.58,30
S41945,-4.297263,-0.5430498,-1.4483395,9
S42066,-0.28614235,-3.433443,2.3580933,30
S42068,-0.72905636,-2.861824,2.7890882,47
S42078,-0.36653614,-3.5384827,2.262226,30
SE2134,-4.913064,-0.48103046,-2.0825233,9
S42171,-0.12037277,-2.552671,1.8706484,31
S42177,-0.28981018,-3.4853039,2.4194698,30
DLIT2180,-0.74643755,-2.8498821,2.7014418,47
S42183,0.06673336,-3.9138937,2.8431816,30
S42212,-0.2641263,-3.8514938,2.3223572,30
S42213,-0.25419426,-3.9326658,2.3144722,30
S42215,-0.3322544,-3.8337154,2.3719826,30
S42221,-0.30034733,-3.869546,2.718977,30
S42222,-0.04864216,-3.7804604,2.7888985,30
S42223,-0.34650946,-3.5760145,2.6515121,30
S42225,-0.20803165,-3.8879986,2.4330883,30
S42238,-0.28394222,-3.8804379,2.6910496,30
S42259,-1.7221489,-0.8934498,-0.065238476,32
S42273,-0.06534195,2.219925,0.7130971,1
S42281,0.003852844,2.3204494,0.73101425,1
S42282,0.19481087,-2.2447915,2.2684703,8
S42283,0.1692791,-2.3438506,2.2070608,8
DLIW2337,-0.78277636,-2.817875,2.761035,47
DLIW2342,-0.78886414,-2.8115559,2.7662697,47
S42380,-4.694498,-0.8808794,-1.7155199,9
S42434,-0.4900756,-3.135222,0.49077797,10
S42448,-0.3724203,-3.5029764,2.410192,30
S42449,0.3778906,3.4053183,0.44526672,20
P42484,-3.8124943,0.87277937,1.9715037,52
S42521,-0.53136444,-3.2039251,1.8993926,30
S42571,-0.26516247,-3.7796736,2.3539352,30
S42581,-2.8627968,-0.27480793,1.1772814,40
S41024,1.5168314,1.4028358,-0.7710724,42
S41132,-3.1043415,1.3127213,-0.52245045,59
S41201,1.2456436,-2.1028385,0.4209404,11
S41234,1.470345,-0.72386265,-0.1342988,41
S41248,-2.4880028,-0.31060696,0.7751713,37
S41316,-1.6781311,1.1505241,1.939127,34
S41334,-0.17305088,-2.3751898,-0.22859383,19
S41346,0.2439971,1.3268147,6.9486713,58
S41372,0.8226042,-2.083228,0.8835497,11
S41501,1.5797062,-0.61326027,-0.21488571,41
S41538 ,1.4505205,-0.8118715,-1.569375,16
S41776,0.9507122,-2.187008,0.7438946,11
S41958,1.2900062,-0.76707745,0.24285793,41
S41965,1.5040131,-0.70110416,0.005093098,41
S41988,1.1417761,-0.91726875,0.1961441,41
S42055,0.24858332,-2.231886,2.3171806,8
S42105,0.87267494,-2.2606177,0.57944584,11
S42120,-0.8842511,-0.48379612,2.6684952,51
SE2164,0.67478514,0.21478558,2.8964996,4
S42168,-1.7774267,-5.688717,0.8523598,14
S42370,0.78812504,-2.2035708,0.49755764,11
S42403,7.3166,1.51439,-5.393116,0
CWE42612,-0.81601954,-0.9812794,2.8617067,28
S41029,1.0196123,-2.321941,0.5562353,11
S41037,-4.1841803,-0.30569935,-0.38472366,26
S41045,-3.2576866,0.69288445,2.2912116,56
S41155,1.0654793,-1.0900335,0.020964146,41
S41195,0.70215225,-1.2816114,-1.6680374,16
S41216,1.0358634,-1.5010457,-0.94173765,16
S41247,-3.7761045,0.18058538,1.015461,25
S41265,1.3732643,-0.8545418,0.15835667,41
S41267,1.8698387,-0.9028411,0.037375927,35
S41306,2.019382,-0.84905434,0.07145119,35
S41321,-0.4742384,-2.2204695,-0.65968037,19
S41365,-0.066804886,-3.3310075,-0.22795296,19
S41395,2.2157197,-0.8033333,0.008900166,35
S41429,1.9287796,-0.8034749,0.07431221,35
S41440,2.3545408,-0.76637983,-0.014443398,35
CWE41543,-4.9605293,-0.7344122,-1.8641596,9
S41587,7.5961685,1.5000238,-5.2363124,0
S41601,2.2663565,-0.78735256,0.008495331,35
S41612,0.9064846,-1.5415697,-1.107893,16
S41662,0.85131216,-1.6273346,-1.0362377,16
S41716,1.555059,0.2712164,-0.5344415,43
CWE41749,-0.07269812,-2.5494423,-0.6563487,19
S41755,0.06652069,-2.2705808,-0.6066494,19
S41770,0.73895216,-2.2625723,0.39220047,11
S41808,0.90788174,-1.6654491,-0.83327293,16
CWE41874,-0.251338,-2.2528524,-0.30645514,19
CWE41878,1.943491,-0.85413504,0.09456396,35
S41937,1.2750235,-2.1563435,0.39294243,11
S41983,1.2718992,-0.82472515,0.15956211,41
S41989,-0.3093586,3.6571388,-0.15468168,20
SE2032,-1.4159274,-4.195836,-0.55917835,22
